1,0.81009,0.81009,-0,8.4472e-07
2,0.34657,0.34487,-0,0.0017084
3,-0,-3.8259e-08,2.5172e-08,1.4852e-08
4,0.27031,0.27029,2.3443e-05,-0
5,-0,2.5496e-11,1.2314e-10,1.4787e-11
6,-0,2.5496e-11,1.2314e-10,1.4787e-11
7,0.086646,0.064743,-0,0.021902
8,0.044405,0.043502,-0,0.00090326
9,1.8476,1.7021,0.14553,-0
10,0.35686,0.26434,0.092518,-0
11,0.33062,0.14021,0.19041,-0
12,0.073886,0.073885,6.6486e-07,-0
13,-0,-3.8259e-08,2.5172e-08,1.4852e-08
14,0.31978,0.26712,0.052664,-0
15,0.3662,0.36616,4.7545e-05,-0
16,-0,-7.4579e-10,8.3492e-10,4.8311e-10
17,-0,-3.8259e-08,2.5172e-08,1.4852e-08
18,0.27031,0.27031,1.0069e-06,-0
19,0.2576,0.13826,0.11934,-0
20,0.59488,0.22015,0.37473,-0
21,0.18662,0.13591,0.050717,-0
22,-0,-7.4579e-10,8.3492e-10,4.8311e-10
23,-0,4.334e-11,1.4396e-10,2.5351e-11
24,-0,4.334e-11,1.4396e-10,2.5351e-11
25,-0,4.334e-11,1.4396e-10,2.5351e-11
26,0.057058,0.056999,-0,5.9713e-05
27,0.36041,0.15057,-0,0.20985
28,-0,-3.8259e-08,2.5172e-08,1.4852e-08
29,-0,-3.8259e-08,2.5172e-08,1.4852e-08
30,0.29877,0.22291,0.075863,3.8314e-13
31,0.34657,0.34657,-0,-0
32,-0,2.5496e-11,1.2314e-10,1.4787e-11
33,-0,4.334e-11,1.4396e-10,2.5351e-11
34,0.21799,0.21758,1.0392e-13,0.00041138
35,NaN,NaN,NaN,NaN
36,-0,2.5496e-11,1.2314e-10,1.4787e-11
37,0.47739,0.12168,0.35571,-0
38,0.28001,0.20122,0.078791,-0
39,0.56481,0.56479,1.3455e-05,-0
40,0.20708,6.2938e-05,0.20701,-0
41,0.30995,0.1885,0.12145,-0
42,0.49608,0.49608,-0,-0
43,0.25458,0.25457,-0,4.9021e-06
44,0.31441,0.3144,-0,1.037e-05
45,0.59296,0.59275,-0,0.00020969
46,0.67554,0.67553,1.3604e-05,-0
47,0.79656,0.79656,1.3323e-15,1.3323e-15
48,0.15193,0.021897,0.13004,-0
49,0.1885,0.1885,2.7708e-06,-0
50,0.66905,0.34393,0.32511,-0
51,0.33062,0.30365,-0,0.026974
52,-0,4.334e-11,1.4396e-10,2.5351e-11
53,0.27031,0.27024,-0,7.296e-05
54,0.19547,0.19546,-0,4.723e-06
55,0.17106,0.059742,0.11132,-0
56,0.16419,0.055534,0.10865,-0
57,0.36785,0.36783,2.2979e-05,-0
58,0.28168,0.057709,0.22397,-0
59,0.083061,0.070116,0.012945,-0
60,-0,-7.4579e-10,8.3492e-10,4.8311e-10
61,0.50437,0.13648,-0,0.36789
62,-0,4.334e-11,1.4396e-10,2.5351e-11
63,-0,4.334e-11,1.4396e-10,2.5351e-11
64,0.25993,5.1143e-05,0.25988,-0
65,0.35132,0.00060703,0.35071,4.4409e-15
66,0.3065,0.26668,0.039814,-0
67,0.14979,1.5288e-05,0.14977,-0
68,0.51671,0.51671,-0,1.2863e-06
69,0.12402,0.12392,-0,0.00010114
70,-0,2.5496e-11,1.2314e-10,1.4787e-11
71,0.28168,0.1532,-0,0.12848
72,-0,4.334e-11,1.4396e-10,2.5351e-11
73,-0,-3.8259e-08,2.5172e-08,1.4852e-08
74,0.13213,0.044683,0.087446,-0
75,0.068815,0.068757,5.7429e-05,-0
76,0.29877,0.090417,0.20836,-0
77,-0,4.334e-11,1.4396e-10,2.5351e-11
78,0.62838,0.62838,-0,3.1982e-06
79,0.19547,0.19546,-0,4.723e-06
80,0.32508,0.018004,-0,0.30708
81,0.61034,0.61026,-0,8.055e-05
82,0.1047,0.1047,7.4689e-07,-0
83,-0,-3.8259e-08,2.5172e-08,1.4852e-08
84,0.16419,0.099553,0.064632,-0
85,-0,2.5496e-11,1.2314e-10,1.4787e-11
86,-0,4.334e-11,1.4396e-10,2.5351e-11
87,-0,4.334e-11,1.4396e-10,2.5351e-11
88,0.35993,0.0023591,-0,0.35757
89,0.34657,0.34656,-0,9.8696e-06
90,-0,2.5496e-11,1.2314e-10,1.4787e-11
91,0.31785,0.29372,0.024131,-0
92,-0,-3.8259e-08,2.5172e-08,1.4852e-08
93,0.29877,0.16597,0.1328,-0
94,0.36744,0.35817,0.0092691,-0
95,-0,-7.4579e-10,8.3492e-10,4.8311e-10
96,0.19286,0.090733,0.10213,-0
97,-0,4.334e-11,1.4396e-10,2.5351e-11
98,0.044405,0.044387,-0,1.8743e-05
99,0.29863,1.4885e-05,-0,0.29861
100,-0,-7.4579e-10,8.3492e-10,4.8311e-10
101,0.49584,0.29603,0.19981,-0
102,0.54432,0.19484,0.34948,-0
103,0.22502,0.21508,0.0099389,7.7716e-16
104,0.068815,0.068797,1.7648e-05,-0
105,0.20514,0.18728,-0,0.017867
106,-0,2.5496e-11,1.2314e-10,1.4787e-11
107,0.16666,0.0020441,1.4655e-13,0.16461
108,0.051222,0.051118,-0,0.00010391
109,0.85874,0.85874,-0,-0
110,-0,-7.4579e-10,8.3492e-10,4.8311e-10
111,0.24967,0.041475,0.2082,-0
112,-0,-7.4579e-10,8.3492e-10,4.8311e-10
113,0.33062,0.30052,0.030097,1.3323e-15
114,0.053983,0.05398,-0,2.922e-06
115,0.13415,0.11205,-0,0.0221
116,0.31978,0.19284,-0,0.12694
117,0.36266,0.35782,1.3234e-13,0.0048399
118,-0,-3.8259e-08,2.5172e-08,1.4852e-08
119,0.083061,0.051039,0.032023,-0
120,0.441,0.12502,0.31598,-0
121,0.31441,0.31441,7.534e-06,-0
122,0.67715,0.32754,0.34961,-0
123,-0,-7.4579e-10,8.3492e-10,4.8311e-10
124,0.25458,0.0776,0.17698,-0
125,-0,-7.4579e-10,8.3492e-10,4.8311e-10
126,0.17851,0.17846,5.892e-05,-0
127,-0,-7.4579e-10,8.3492e-10,4.8311e-10
128,-0,-7.4579e-10,8.3492e-10,4.8311e-10
129,-0,-7.4579e-10,8.3492e-10,4.8311e-10
130,-0,-7.4579e-10,8.3492e-10,4.8311e-10
131,0.31978,0.10619,0.21359,-0
132,0.3675,0.13278,-0,0.23473
133,0.53496,0.53496,2.5114e-07,-0
134,-0,-3.8259e-08,2.5172e-08,1.4852e-08
135,0.36652,0.10481,-0,0.2617
136,-0,-7.4579e-10,8.3492e-10,4.8311e-10
137,-0,-7.4579e-10,8.3492e-10,4.8311e-10
138,0.1047,0.10468,1.5513e-05,-0
139,-0,-7.4579e-10,8.3492e-10,4.8311e-10
140,0.1047,0.10469,1.1042e-06,-0
141,-0,-7.4579e-10,8.3492e-10,4.8311e-10
142,0.32189,0.25407,0.06782,-0
143,-0,-7.4579e-10,8.3492e-10,4.8311e-10
144,0.36781,0.3561,-0,0.011715
145,-0,-7.4579e-10,8.3492e-10,4.8311e-10
146,0.71429,0.71429,-0,-0
147,0.55588,0.55588,-0,-0
148,0.47037,0.12477,-0,0.34561
149,0.4324,0.3578,-0,0.074604
150,0.72227,0.72226,-0,5.9938e-06
151,0.61086,0.61086,-0,-0
152,0.612,0.3189,-0,0.29309
153,0.51671,0.51671,-0,-0
154,0.17348,0.060785,0.11269,-0
155,0.29863,0.29861,2.052e-05,-0
156,0.3662,0.3662,3.0487e-06,-0
157,-0,-7.4579e-10,8.3492e-10,4.8311e-10
158,0.22745,0.22721,0.00023886,5.5511e-16
159,-0,-3.8259e-08,2.5172e-08,1.4852e-08
160,-0,-7.4579e-10,8.3492e-10,4.8311e-10
161,0.36313,0.050559,0.31257,1.4455e-13
162,0.27799,0.00053234,0.27745,-0
163,0.31441,0.14777,0.16665,-0
164,0.36536,8.7405e-05,0.36527,-0
165,0.30611,0.30418,0.0019243,-0
166,0.29863,0.29863,5.9699e-07,-0
167,0.34657,0.34654,3.6012e-05,-0
168,0.31978,0.31768,0.002098,-0
169,0.28404,0.088738,0.1953,-0
170,0.11404,0.114,4.4276e-05,2.4425e-15
171,NaN,NaN,NaN,NaN
172,-0,-7.4579e-10,8.3492e-10,4.8311e-10
173,0.25458,0.15864,0.095938,-0
174,0.32679,0.0014325,0.32536,-0
175,0.22745,0.10395,-0,0.1235
176,-0,2.5496e-11,1.2314e-10,1.4787e-11
177,-0,4.334e-11,1.4396e-10,2.5351e-11
178,0.4709,0.17509,-0,0.29581
179,0.3301,0.32581,3.9968e-15,0.0042817
180,-0,4.334e-11,1.4396e-10,2.5351e-11
181,-0,-3.8259e-08,2.5172e-08,1.4852e-08
182,-0,-3.8259e-08,2.5172e-08,1.4852e-08
183,-0,-3.8259e-08,2.5172e-08,1.4852e-08
184,0.32655,0.32655,-0,-0
185,-0,-3.8259e-08,2.5172e-08,1.4852e-08
186,-0,4.334e-11,1.4396e-10,2.5351e-11
187,-0,2.5496e-11,1.2314e-10,1.4787e-11
188,0.36041,0.35922,-0,0.0011976
189,0.29863,0.29863,-0,9.93e-07
190,0.69782,0.68034,0.017479,-0
191,0.35581,0.34332,-0,0.012492
192,0.35007,0.35007,-0,1.3106e-06
193,0.40798,0.21636,2.5979e-14,0.19163
194,0.086646,0.086565,-0,8.0968e-05
195,0.34657,0.11682,-0,0.22975
196,0.33839,0.057453,-0,0.28093
197,0.23026,0.0058134,2.7978e-14,0.22445
198,-0,4.334e-11,1.4396e-10,2.5351e-11
199,-0,-3.8259e-08,2.5172e-08,1.4852e-08
200,0.12153,0.12153,4.3187e-06,-0
201,0.20514,0.20514,2.0726e-07,-0
202,0.23026,0.22719,0.0030698,4.1078e-15
203,0.19923,0.19032,0.0089152,-0
204,0.3649,0.36488,1.3379e-05,-0
205,-0,4.334e-11,1.4396e-10,2.5351e-11
206,-0,2.5496e-11,1.2314e-10,1.4787e-11
207,-0,4.334e-11,1.4396e-10,2.5351e-11
208,-0,-3.8259e-08,2.5172e-08,1.4852e-08
209,0.35839,0.13681,0.22158,-0
210,-0,-7.4579e-10,8.3492e-10,4.8311e-10
211,-0,-3.8259e-08,2.5172e-08,1.4852e-08
212,-0,-3.8259e-08,2.5172e-08,1.4852e-08
213,0.34657,0.2021,0.14447,1.7097e-13
214,-0,-3.8259e-08,2.5172e-08,1.4852e-08
215,1.6552,1.5587,0.09652,-0
216,-0,2.5496e-11,1.2314e-10,1.4787e-11
217,-0,-7.4579e-10,8.3492e-10,4.8311e-10
218,0.026658,0.023647,0.0030117,-0
219,0.28001,0.27234,0.0076697,-0
220,-0,2.5496e-11,1.2314e-10,1.4787e-11
221,0.036343,0.036338,4.5605e-06,-0
222,-0,2.5496e-11,1.2314e-10,1.4787e-11
223,0.073886,0.073884,-0,1.0948e-06
224,-0,4.334e-11,1.4396e-10,2.5351e-11
225,-0,4.334e-11,1.4396e-10,2.5351e-11
226,-0,-3.8259e-08,2.5172e-08,1.4852e-08
227,0.74199,0.56856,0.17343,-0
228,0.27799,0.27799,3.334e-08,-0
229,0.36772,0.36709,0.00062888,-0
230,-0,-3.8259e-08,2.5172e-08,1.4852e-08
231,-0,-3.8259e-08,2.5172e-08,1.4852e-08
232,-0,-3.8259e-08,2.5172e-08,1.4852e-08
233,1.1146,0.98058,0.13404,-0
234,-0,2.5496e-11,1.2314e-10,1.4787e-11
235,-0,-7.4579e-10,8.3492e-10,4.8311e-10
236,-0,-7.4579e-10,8.3492e-10,4.8311e-10
237,0.15781,0.15643,0.0013718,-0
238,0.19547,0.15335,0.042113,-0
239,-0,-3.8259e-08,2.5172e-08,1.4852e-08
240,-0,-3.8259e-08,2.5172e-08,1.4852e-08
241,0.27031,0.084566,0.18574,-0
242,0.29863,0.0056775,0.29295,-0
243,0.081931,0.079516,0.0024152,-0
244,0.35623,0.35602,0.00020749,-0
245,0.35247,0.00023488,0.35223,-0
246,0.27799,0.27798,-0,4.1442e-06
247,-0,4.334e-11,1.4396e-10,2.5351e-11
248,-0,4.334e-11,1.4396e-10,2.5351e-11
249,1.5945,1.2455,0.34891,-0
250,0.34004,0.042908,0.29713,-0
251,0.34657,0.041939,0.30463,-0
252,0.29023,0.05847,-0,0.23176
253,0.36757,9.1969e-06,0.36756,-0
254,1.7718,1.4393,0.3325,-0
255,0.34657,0.34387,0.0027082,-0
256,-0,-7.4579e-10,8.3492e-10,4.8311e-10
257,0.4786,0.16178,-0,0.31682
258,0.34169,0.27492,-0,0.066765
259,-0,4.334e-11,1.4396e-10,2.5351e-11
260,-0,4.334e-11,1.4396e-10,2.5351e-11
261,-0,4.334e-11,1.4396e-10,2.5351e-11
262,-0,-7.4579e-10,8.3492e-10,4.8311e-10
263,-0,2.5496e-11,1.2314e-10,1.4787e-11
264,0.1047,0.058653,-0,0.046043
265,-0,4.334e-11,1.4396e-10,2.5351e-11
266,-0,4.334e-11,1.4396e-10,2.5351e-11
267,0.30308,0.0064807,-0,0.2966
268,0.36785,0.014817,-0,0.35304
269,0.28059,0.19255,2.065e-14,0.088037
270,0.19279,0.0011737,-0,0.19162
271,-0,-7.4579e-10,8.3492e-10,4.8311e-10
272,0.28797,0.28771,0.00026189,-0
273,-0,-3.8259e-08,2.5172e-08,1.4852e-08
274,0.29877,0.29877,1.4694e-07,-0
275,0.19547,0.1545,0.04097,-0
276,0.36213,0.20873,-0,0.15341
277,0.36186,0.031937,-0,0.32992
278,-0,4.334e-11,1.4396e-10,2.5351e-11
279,0.20182,0.068117,-0,0.1337
280,0.11684,0.11679,4.6099e-05,-0
281,0.24414,0.24412,1.6702e-05,-0
282,0.11684,0.11677,7.4263e-05,1.6653e-15
283,0.35839,0.25423,-0,0.10416
284,-0,4.334e-11,1.4396e-10,2.5351e-11
285,0.40721,0.40721,-0,5.3857e-06
286,NaN,NaN,NaN,NaN
287,0.3662,5.1869e-05,-0,0.36615
288,0.18054,0.0038586,-0,0.17668
289,-0,4.334e-11,1.4396e-10,2.5351e-11
290,0.74213,0.74213,-0,-0
291,0.55868,0.55868,-0,-0
292,0.057058,0.053772,0.0032861,-0
293,0.12402,0.124,2.1829e-05,1.4433e-15
294,-0,-7.4579e-10,8.3492e-10,4.8311e-10
295,0.3065,0.17932,-0,0.12718
296,NaN,NaN,NaN,NaN
297,-0,-7.4579e-10,8.3492e-10,4.8311e-10
298,0.31842,0.31808,0.00034863,5.5511e-14
299,-0,-7.4579e-10,8.3492e-10,4.8311e-10
300,1.6679,1.4428,0.22509,4.2514e-06
301,-0,-7.4579e-10,8.3492e-10,4.8311e-10
302,0.38605,0.38591,0.00011852,2.3716e-05
303,-0,-7.4579e-10,8.3492e-10,4.8311e-10
304,-0,-7.4579e-10,8.3492e-10,4.8311e-10
305,0.48357,0.2839,-0,0.19967
306,-0,2.5496e-11,1.2314e-10,1.4787e-11
307,0.11684,0.11676,7.6205e-05,6.628e-14
308,-0,-7.4579e-10,8.3492e-10,4.8311e-10
309,-0,-7.4579e-10,8.3492e-10,4.8311e-10
310,0.24034,0.19358,0.046757,-0
311,-0,-3.8259e-08,2.5172e-08,1.4852e-08
312,0.42864,0.4286,-0,3.2613e-05
313,-0,4.334e-11,1.4396e-10,2.5351e-11
314,0.36313,0.069027,-0,0.2941
315,0.36266,0.14876,-0,0.2139
316,0.07976,0.079756,4.796e-06,-0
317,0.31978,0.26712,0.052664,-0
318,0.47993,0.47991,1.6046e-05,-0
319,0.22192,0.22173,0.00018316,3.7192e-14
320,0.42633,0.42633,-0,-0
321,0.37799,0.041969,0.33602,-0
322,0.3675,0.3675,3.1762e-06,3.3307e-15
323,0.35793,0.35786,-0,7.4627e-05
324,0.13213,0.13212,-0,5.1992e-06
325,0.3367,0.12077,-0,0.21593
326,-0,4.334e-11,1.4396e-10,2.5351e-11
327,0.31978,0.31976,-0,2.5444e-05
328,0.44013,0.44013,-0,8.8591e-07
329,0.32803,0.012918,-0,0.31511
330,0.34309,0.18846,-0,0.15464
331,0.34055,0.23675,-0,0.1038
332,-0,4.334e-11,1.4396e-10,2.5351e-11
333,NaN,NaN,NaN,NaN
334,-0,4.334e-11,1.4396e-10,2.5351e-11
335,-0,-7.4579e-10,8.3492e-10,4.8311e-10
336,0.55907,0.39552,0.16354,5.1132e-06
337,0.48869,0.24463,9.0372e-14,0.24407
338,0.15193,0.15193,-0,9.7464e-07
339,-0,2.5496e-11,1.2314e-10,1.4787e-11
340,0.56582,0.40732,-0,0.1585
341,-0,4.334e-11,1.4396e-10,2.5351e-11
342,-0,-7.4579e-10,8.3492e-10,4.8311e-10
343,-0,-3.8259e-08,2.5172e-08,1.4852e-08
344,0.064393,0.064393,6.5738e-07,-0
345,0.28763,0.27933,0.0083004,-0
346,0.45602,0.24494,0.21108,-0
347,0.36478,0.36477,1.1995e-05,-0
348,0.32655,0.13878,0.18776,-0
349,0.56894,0.56894,-0,-0
350,0.3065,0.30649,6.6955e-07,-0
351,-0,2.5496e-11,1.2314e-10,1.4787e-11
352,0.22502,0.062773,1.3323e-15,0.16224
353,0.11684,0.11684,-0,3.2129e-06
354,0.34657,0.27653,-0,0.070044
355,0.1047,0.10444,-0,0.00025556
356,-0,4.334e-11,1.4396e-10,2.5351e-11
357,0.19547,0.19546,-0,4.723e-06
358,0.24967,0.24958,-0,9.5081e-05
359,-0,4.334e-11,1.4396e-10,2.5351e-11
360,-0,2.5496e-11,1.2314e-10,1.4787e-11
361,-0,-3.8259e-08,2.5172e-08,1.4852e-08
362,0.28763,0.044942,0.24268,-0
363,-0,-7.4579e-10,8.3492e-10,4.8311e-10
364,-0,-7.4579e-10,8.3492e-10,4.8311e-10
365,-0,-7.4579e-10,8.3492e-10,4.8311e-10
366,-0,-7.4579e-10,8.3492e-10,4.8311e-10
367,-0,-7.4579e-10,8.3492e-10,4.8311e-10
368,0.094824,0.094741,-0,8.3523e-05
369,-0,4.334e-11,1.4396e-10,2.5351e-11
370,0.21799,0.21799,-0,3.768e-06
371,-0,-7.4579e-10,8.3492e-10,4.8311e-10
372,0.057058,0.057057,9.9477e-07,-0
373,0.20182,0.20063,0.0011902,-0
374,-0,-3.8259e-08,2.5172e-08,1.4852e-08
375,-0,2.5496e-11,1.2314e-10,1.4787e-11
376,0.20182,0.14961,-0,0.052204
377,-0,2.5496e-11,1.2314e-10,1.4787e-11
378,0.36772,0.28316,-0,0.084564
379,-0,-3.8259e-08,2.5172e-08,1.4852e-08
380,0.35054,0.35051,2.9877e-05,-0
381,0.54156,0.2338,-0,0.30776
382,0.35686,0.082732,-0,0.27412
383,-0,-3.8259e-08,2.5172e-08,1.4852e-08
384,0.36348,0.048029,-0,0.31546
385,-0,4.334e-11,1.4396e-10,2.5351e-11
386,0.21576,0.15212,-0,0.06364
387,-0,4.334e-11,1.4396e-10,2.5351e-11
388,-0,-3.8259e-08,2.5172e-08,1.4852e-08
389,0.21799,0.21794,5.0936e-05,-0
390,-0,-3.8259e-08,2.5172e-08,1.4852e-08
391,-0,-3.8259e-08,2.5172e-08,1.4852e-08
392,-0,-3.8259e-08,2.5172e-08,1.4852e-08
393,0.2316,0.093519,0.13808,-0
394,0.086646,0.086642,3.4562e-06,-0
395,0.34657,0.34463,0.0019438,-0
396,-0,4.334e-11,1.4396e-10,2.5351e-11
397,0.67342,0.67342,-0,-0
398,-0,2.5496e-11,1.2314e-10,1.4787e-11
399,-0,2.5496e-11,1.2314e-10,1.4787e-11
400,0.29375,0.22028,-0,0.073471
401,0.36652,0.26131,-0,0.10521
402,0.20182,0.11419,4.1078e-15,0.087631
403,0.086646,0.086534,-0,0.00011132
404,0.29375,0.096558,-0,0.19719
405,0.52257,0.52248,-0,9.6528e-05
406,0.11684,0.074517,0.042323,-0
407,0.21799,0.21476,0.0032282,-0
408,NaN,NaN,NaN,NaN
409,0.4709,0.24916,0.22174,-0
410,0.13213,0.13211,1.743e-05,-0
411,-0,-7.4579e-10,8.3492e-10,4.8311e-10
412,-0,2.5496e-11,1.2314e-10,1.4787e-11
413,-0,2.5496e-11,1.2314e-10,1.4787e-11
414,0.28404,0.099904,4.6629e-15,0.18413
415,0.25177,0.25152,0.00024869,-0
416,0.47037,0.18304,0.28733,-0
417,-0,-3.8259e-08,2.5172e-08,1.4852e-08
418,0.32189,0.32163,0.00025922,-0
419,-0,-3.8259e-08,2.5172e-08,1.4852e-08
420,0.28168,0.22402,-0,0.057655
421,-0,4.334e-11,1.4396e-10,2.5351e-11
422,0.060505,0.060422,-0,8.3139e-05
423,0.34657,0.30724,-0,0.039335
424,1.2244,1.2244,7.8378e-07,-0
425,0.21092,0.089024,0.12189,-0
426,0.35527,0.34456,0.010709,-0
427,-0,-7.4579e-10,8.3492e-10,4.8311e-10
428,0.34657,0.13887,0.20771,-0
429,0.36705,0.19967,0.16738,-0
430,-0,-3.8259e-08,2.5172e-08,1.4852e-08
431,-0,4.334e-11,1.4396e-10,2.5351e-11
432,0.32655,0.17204,-0,0.15451
433,0.21576,0.1079,0.10786,-0
434,-0,-3.8259e-08,2.5172e-08,1.4852e-08
435,0.3065,0.22907,0.077425,-0
436,0.36266,0.36266,7.8295e-07,-0
437,-0,-3.8259e-08,2.5172e-08,1.4852e-08
438,0.33062,0.14593,0.18469,-0
439,-0,-3.8259e-08,2.5172e-08,1.4852e-08
440,-0,2.5496e-11,1.2314e-10,1.4787e-11
441,-0,2.5496e-11,1.2314e-10,1.4787e-11
442,0.31266,0.29436,-0,0.018297
443,0.41727,0.064677,-0,0.3526
444,0.35132,1.3472e-05,-0,0.3513
445,0.094824,0.094753,-0,7.1815e-05
446,-0,2.5496e-11,1.2314e-10,1.4787e-11
447,0.17106,0.17106,-0,3.4697e-06
448,0.13814,0.13805,-0,8.782e-05
449,0.11684,0.11638,6.6613e-16,0.000461
450,0.27031,0.27024,-0,7.296e-05
451,-0,-3.8259e-08,2.5172e-08,1.4852e-08
452,0.364,0.36398,2.5643e-05,-0
453,0.34657,0.1733,0.17327,-0
454,-0,-7.4579e-10,8.3492e-10,4.8311e-10
455,-0,-3.8259e-08,2.5172e-08,1.4852e-08
456,-0,-7.4579e-10,8.3492e-10,4.8311e-10
457,NaN,NaN,NaN,NaN
458,-0,-7.4579e-10,8.3492e-10,4.8311e-10
459,-0,4.334e-11,1.4396e-10,2.5351e-11
460,0.90891,0.90891,-0,-0
461,0.3662,0.30798,0.058223,-0
462,-0,-7.4579e-10,8.3492e-10,4.8311e-10
463,0.5413,0.23043,0.31087,-0
464,0.086646,0.085654,2.7756e-15,0.00099138
465,0.36536,0.087198,-0,0.27816
466,0.086646,0.086642,-0,3.3027e-06
467,0.15193,0.0465,-0,0.10544
468,0.32248,0.15828,-0,0.1642
469,0.27031,0.27031,1.3323e-14,1.3323e-14
470,-0,2.5496e-11,1.2314e-10,1.4787e-11
471,-0,2.5496e-11,1.2314e-10,1.4787e-11
472,0.60455,0.60444,-0,0.00010606
473,-0,2.5496e-11,1.2314e-10,1.4787e-11
474,0.21576,0.18103,-0,0.034727
475,-0,4.334e-11,1.4396e-10,2.5351e-11
476,-0,2.5496e-11,1.2314e-10,1.4787e-11
477,-0,4.334e-11,1.4396e-10,2.5351e-11
478,0.24034,0.24034,1.5489e-07,-0
479,-0,2.5496e-11,1.2314e-10,1.4787e-11
480,0.7304,0.73039,2.8983e-06,2.3315e-15
481,0.33062,0.26705,0.063568,-0
482,-0,-3.8259e-08,2.5172e-08,1.4852e-08
483,0.66774,0.25543,0.41231,-0
484,0.28797,0.1653,0.12267,-0
485,-0,-3.8259e-08,2.5172e-08,1.4852e-08
486,-0,4.334e-11,1.4396e-10,2.5351e-11
487,0.20708,0.20688,0.00019305,-0
488,0.35567,0.26673,0.088932,-0
489,0.30456,0.30455,3.2084e-06,-0
490,-0,4.334e-11,1.4396e-10,2.5351e-11
491,0.22745,0.20278,-0,0.024672
492,-0,2.5496e-11,1.2314e-10,1.4787e-11
493,0.053983,0.053982,-0,6.8984e-07
494,0.16871,0.13719,-0,0.031512
495,0.048729,0.048728,-0,7.4815e-07
496,-0,6.7027e-11,1.3281e-10,3.7002e-11
497,0.13242,5.3293e-06,-0,0.13241
498,0.36535,0.053924,-0,0.31142
499,0.1405,0.1405,-0,4.1038e-06
500,NaN,NaN,NaN,NaN
501,-0,2.5496e-11,1.2314e-10,1.4787e-11
502,0.35472,0.1353,-0,0.21942
503,0.34657,0.1733,0.17327,-0
504,NaN,NaN,NaN,NaN
505,NaN,NaN,NaN,NaN
506,0.34045,0.063574,0.27688,-0
507,0.4396,0.40475,0.034852,7.8308e-12
508,0.95785,0.95784,2.69e-06,-0
509,-0,2.5496e-11,1.2314e-10,1.4787e-11
510,0.3662,0.0072971,-0,0.35891
511,-0,-7.4579e-10,8.3492e-10,4.8311e-10
512,0.36041,0.21173,-0,0.14869
513,0.34657,0.0016375,-0,0.34494
514,0.36119,0.36088,0.00031199,1.9984e-15
515,0.037712,0.037712,6.5641e-07,-0
516,0.34437,0.34435,1.5302e-05,1.2817e-07
517,0.084223,0.061105,0.023118,2.2204e-16
518,0.81191,0.64217,0.16974,-0
519,0.30912,0.13003,0.17908,-0
520,0.76377,0.35449,0.40929,-0
521,0.33526,0.19269,-0,0.14257
522,0.047197,0.04165,4.4409e-16,0.0055474
523,0.30995,0.28598,0.023971,1.3589e-13
524,-0,-3.8259e-08,2.5172e-08,1.4852e-08
525,-0,-3.8259e-08,2.5172e-08,1.4852e-08
526,-0,-3.8259e-08,2.5172e-08,1.4852e-08
527,-0,-3.8259e-08,2.5172e-08,1.4852e-08
528,-0,-3.8259e-08,2.5172e-08,1.4852e-08
529,-0,-3.8259e-08,2.5172e-08,1.4852e-08
530,NaN,NaN,NaN,NaN
531,0.28404,0.21349,-0,0.070549
532,-0,-3.8259e-08,2.5172e-08,1.4852e-08
533,0.36041,0.3604,1.1799e-05,-0
534,0.064393,0.057581,0.006812,-0
535,0.24967,0.24954,-0,0.00013556
536,0.33424,0.3339,-0,0.00033752
537,-0,-3.8259e-08,2.5172e-08,1.4852e-08
538,0.45056,0.45056,-0,-0
539,0.094824,0.094726,-0,9.8612e-05
540,0.3662,0.3662,-0,4.0123e-06
541,-0,-3.8259e-08,2.5172e-08,1.4852e-08
542,0.16871,0.16871,5.8994e-07,-0
543,-0,-3.8259e-08,2.5172e-08,1.4852e-08
544,-0,-3.8259e-08,2.5172e-08,1.4852e-08
545,-0,-3.8259e-08,2.5172e-08,1.4852e-08
546,0.07976,0.079757,2.9655e-06,-0
547,0.31978,0.14472,0.17506,-0
548,-0,4.334e-11,1.4396e-10,2.5351e-11
549,-0,-3.8259e-08,2.5172e-08,1.4852e-08
550,0.35435,8.9449e-05,0.35426,2.1094e-15
551,0.53508,0.53508,1.2006e-06,-0
552,-0,-7.4579e-10,8.3492e-10,4.8311e-10
553,0.35793,0.0050732,0.35286,-0
554,0.34657,0.34657,5.4869e-06,-0
555,0.17851,0.088882,0.089633,1.5554e-13
556,-0,-3.8259e-08,2.5172e-08,1.4852e-08
557,-0,-7.4579e-10,8.3492e-10,4.8311e-10
558,0.24967,0.2494,-0,0.00026884
559,0.57574,0.28806,-0,0.28769
560,0.5038,0.18051,-0,0.32329
561,0.24426,0.11972,-0,0.12454
562,0.32655,0.090204,-0,0.23634
563,-0,2.5496e-11,1.2314e-10,1.4787e-11
564,-0,4.334e-11,1.4396e-10,2.5351e-11
565,0.11684,0.11682,-0,1.7244e-05
566,-0,4.334e-11,1.4396e-10,2.5351e-11
567,0.18495,0.10849,-0,0.076455
568,0.36213,0.0003717,0.36176,1.5765e-14
569,0.36785,0.00052648,-0,0.36733
570,0.25443,0.2544,3.0574e-05,-0
571,0.2316,0.1158,-0,0.1158
572,0.25993,0.15642,-0,0.10351
573,-0,2.5496e-11,1.2314e-10,1.4787e-11
574,0.15193,0.11324,-0,0.0387
575,0.31705,0.20892,-0,0.10813
576,-0,2.5496e-11,1.2314e-10,1.4787e-11
577,2.0294,1.8344,0.071705,0.12336
578,1.2145,1.1558,0.037579,0.021104
579,0.35653,0.17366,5.107e-15,0.18286
580,0.30611,0.043142,1.41e-14,0.26296
581,0.20574,0.16647,-0,0.039273
582,0.30585,0.27471,-0,0.031144
583,0.4795,0.30831,-0,0.17119
584,0.30611,0.30579,-0,0.00031533
585,0.21238,0.0012198,2.2204e-16,0.21116
586,0.13996,0.044902,0.095057,-0
587,0.29023,0.27593,0.014299,-0
588,-0,-7.4579e-10,8.3492e-10,4.8311e-10
589,-0,-7.4579e-10,8.3492e-10,4.8311e-10
590,-0,-7.4579e-10,8.3492e-10,4.8311e-10
591,0.35183,0.33214,0.019686,-0
592,0.15783,0.09819,-0,0.059638
593,0.36721,0.20993,-0,0.15729
594,-0,4.334e-11,1.4396e-10,2.5351e-11
595,0.064393,0.064381,1.2067e-05,-0
596,0.094824,0.094821,-0,3.0326e-06
597,-0,4.334e-11,1.4396e-10,2.5351e-11
598,-0,2.5496e-11,1.2314e-10,1.4787e-11
599,-0,4.334e-11,1.4396e-10,2.5351e-11
600,0.16419,0.11764,-0,0.046541
601,0.22745,0.1876,-0,0.039851
602,0.11044,0.11039,-0,5.2643e-05
603,0.36313,0.020625,-0,0.3425
604,0.3301,0.33002,7.5912e-05,-0
605,0.33333,0.18664,0.14669,-0
606,0.34657,0.3465,6.9844e-05,-0
607,0.2316,0.2316,6.9158e-07,-0
608,0.35839,0.35805,0.00033745,-0
609,-0,2.5496e-11,1.2314e-10,1.4787e-11
610,0.20182,0.20077,6.5503e-15,0.0010478
611,0.073886,0.073804,-0,8.1229e-05
612,0.27031,0.26875,-0,0.001565
613,-0,-3.8259e-08,2.5172e-08,1.4852e-08
614,0.060505,0.060432,7.3352e-05,2.125e-13
615,0.36565,0.36056,0.0050897,4.4409e-16
616,-0,-7.4579e-10,8.3492e-10,4.8311e-10
617,0.28168,0.17858,0.1031,-0
618,0.13213,0.13212,-0,4.909e-06
619,0.39267,0.18182,-0,0.21085
620,0.36119,0.309,-0,0.052195
621,0.18054,0.0058271,-0,0.17471
622,-0,6.7027e-11,1.3281e-10,3.7002e-11
623,-0,-3.8259e-08,2.5172e-08,1.4852e-08
624,-0,-3.8259e-08,2.5172e-08,1.4852e-08
625,-0,4.334e-11,1.4396e-10,2.5351e-11
626,-0,4.334e-11,1.4396e-10,2.5351e-11
627,-0,4.334e-11,1.4396e-10,2.5351e-11
628,-0,4.334e-11,1.4396e-10,2.5351e-11
629,0.31585,0.046991,-0,0.26886
630,-0,-3.8259e-08,2.5172e-08,1.4852e-08
631,-0,-7.4579e-10,8.3492e-10,4.8311e-10
632,1.4271,1.1919,2.247e-06,0.23522
633,0.42692,0.37977,-0,0.047147
634,0.50151,0.45185,-0,0.049651
635,0.58812,0.27095,-0,0.31717
636,0.41871,0.40942,-0,0.0092859
637,NaN,NaN,NaN,NaN
638,-0,4.334e-11,1.4396e-10,2.5351e-11
639,0.59726,0.25542,-0,0.34184
640,0.31441,0.25301,0.061409,-0
641,0.34657,0.1733,0.17327,-0
642,0.15193,0.15186,7.0141e-05,1.0436e-14
643,-0,-3.8259e-08,2.5172e-08,1.4852e-08
644,0.2316,0.15243,0.079177,-0
645,-0,-3.8259e-08,2.5172e-08,1.4852e-08
646,0.28684,0.2857,0.0011334,2.4425e-14
647,-0,-3.8259e-08,2.5172e-08,1.4852e-08
648,0.29863,0.0014191,-0,0.29721
649,0.34657,0.34657,1.782e-07,-0
650,-0,-3.8259e-08,2.5172e-08,1.4852e-08
651,0.23026,0.22995,0.00031201,-0
652,0.36313,0.36313,-0,-0
653,0.46341,0.46341,-0,-0
654,0.3662,0.36537,-0,0.00083861
655,0.47569,0.47569,-0,-0
656,0.27031,0.27031,1.0325e-14,1.0325e-14
657,0.41059,0.41059,1.5543e-15,1.5543e-15
658,0.16419,0.16408,-0,0.00010682
659,0.36213,0.14143,0.22071,-0
660,-0,-3.8259e-08,2.5172e-08,1.4852e-08
661,0.073886,0.032391,0.041495,-0
662,0.26422,0.2642,2.1663e-05,-0
663,0.34045,0.34023,0.000218,6.6613e-16
664,0.27031,0.23923,-0,0.031078
665,-0,4.334e-11,1.4396e-10,2.5351e-11
666,0.36772,0.36772,-0,2.8977e-06
667,0.11684,0.11683,1.2191e-05,-0
668,0.31978,0.30846,0.011318,-0
669,0.36313,0.33945,0.023677,-0
670,-0,-3.8259e-08,2.5172e-08,1.4852e-08
671,0.3662,0.22406,0.14214,1.3212e-14
672,0.56996,0.56996,-0,-0
673,0.24586,0.1612,-0,0.084667
674,0.56932,0.56932,-0,5.0916e-06
675,0.55715,0.55714,-0,6.0272e-06
676,-0,-7.4579e-10,8.3492e-10,4.8311e-10
677,0.25458,0.16845,0.086126,-0
678,0.33424,0.33424,9.2518e-07,-0
679,-0,-3.8259e-08,2.5172e-08,1.4852e-08
680,0.27031,0.13517,0.13514,-0
681,0.36478,0.35624,0.0085389,-0
682,-0,4.334e-11,1.4396e-10,2.5351e-11
683,-0,4.334e-11,1.4396e-10,2.5351e-11
684,0.24414,0.24413,-0,1.0976e-06
685,-0,-3.8259e-08,2.5172e-08,1.4852e-08
686,0.35567,0.00014826,0.35552,-0
687,0.36266,0.3599,0.0027667,-0
688,0.36781,0.2781,0.089706,-0
689,-0,-3.8259e-08,2.5172e-08,1.4852e-08
690,-0,-3.8259e-08,2.5172e-08,1.4852e-08
691,0.33839,0.0022535,-0,0.33613
692,0.36041,0.20773,-0,0.15268
693,0.50289,0.12332,-0,0.37957
694,0.29097,0.26899,-0,0.021983
695,0.22803,0.13697,-0,0.091059
696,0.26647,0.22352,-0,0.042946
697,0.3647,0.026538,-0,0.33816
698,0.20182,0.18333,-0,0.018488
699,1.4973,1.2788,4.0183e-08,0.21845
700,0.12661,0.08569,7.7716e-16,0.040922
701,0.72287,0.69454,-0,0.028332
702,0.36715,0.0178,-0,0.34935
703,NaN,NaN,NaN,NaN
704,-0,-7.4579e-10,8.3492e-10,4.8311e-10
705,-0,-3.8259e-08,2.5172e-08,1.4852e-08
706,0.96854,0.96853,4.5855e-07,7.1325e-06
707,-0,-7.4579e-10,8.3492e-10,4.8311e-10
708,0.090552,0.090551,-0,7.3524e-07
709,0.084223,0.071555,-0,0.012667
710,0.14646,0.059441,-0,0.087016
711,0.28404,0.26876,-0,0.015273
712,NaN,NaN,NaN,NaN
713,0.73758,0.73758,9.234e-08,-0
714,0.35686,0.00052223,0.35633,6.2172e-15
715,0.37453,0.37453,-0,4.1432e-06
716,0.31739,0.31736,-0,2.454e-05
717,0.26737,0.049178,-0,0.21819
718,0.046467,0.046393,-0,7.4019e-05
719,0.40254,0.40138,-0,0.0011597
720,-0,4.334e-11,1.4396e-10,2.5351e-11
721,0.28763,0.28763,1.0826e-06,-0
722,-0,-7.4579e-10,8.3492e-10,4.8311e-10
723,0.35793,1.6149e-05,-0,0.35792
724,-0,4.334e-11,1.4396e-10,2.5351e-11
725,0.073886,0.073885,1.4348e-07,-0
726,0.15193,0.13525,-0,0.016683
727,0.28404,0.21349,-0,0.070549
728,0.18495,0.12313,-0,0.061819
729,0.073886,0.073647,-0,0.00023829
730,-0,-3.8259e-08,2.5172e-08,1.4852e-08
731,0.094824,0.094821,-0,3.4007e-06
732,0.17851,0.089258,-0,0.089257
733,-0,-3.8259e-08,2.5172e-08,1.4852e-08
734,0.1047,0.1047,-0,3.2288e-07
735,0.36785,0.35667,-0,0.011185
736,-0,4.334e-11,1.4396e-10,2.5351e-11
737,-0,-3.8259e-08,2.5172e-08,1.4852e-08
738,0.3662,0.3662,7.1151e-09,-0
739,0.27781,0.22601,0.051798,-0
740,0.25965,0.128,0.13165,6.7724e-15
741,-0,-3.8259e-08,2.5172e-08,1.4852e-08
742,0.36041,0.30377,0.056642,-0
743,0.5887,0.53219,0.056506,-0
744,0.57339,0.57339,-0,1.5252e-06
745,1.1373,1.1373,-0,-0
746,NaN,NaN,NaN,NaN
747,NaN,NaN,NaN,NaN
748,-0,-3.8259e-08,2.5172e-08,1.4852e-08
749,0.07976,0.079756,4.796e-06,-0
750,0.45056,0.13903,0.31153,-0
751,-0,-7.4579e-10,8.3492e-10,4.8311e-10
752,0.52525,0.5252,5.3485e-05,-0
753,0.44717,0.44717,4.8184e-14,2.2829e-07
754,0.35472,0.26769,-0,0.087026
755,0.3675,0.013801,-0,0.3537
756,0.086646,0.086643,-0,3.0853e-06
757,0.30439,0.16231,-0,0.14208
758,0.57931,0.089529,1.0584e-12,0.48978
759,0.51892,0.43736,-0,0.081561
760,0.62574,0.37803,-0,0.24771
761,1.3469,0.95028,0.030801,0.36586
762,0.50862,0.50407,0.0045234,2.0146e-05
763,0.24668,0.20966,0.03702,-0
764,0.27065,0.072502,0.19814,1.6309e-05
765,0.71887,0.70063,2.2372e-06,0.01823
766,0.59777,0.59777,-0,-0
767,0.42224,0.42224,1.0905e-06,-0
768,0.24034,0.24034,9.3404e-07,-0
769,0.51814,0.51814,-0,-0
770,0.5004,0.5004,-0,-0
771,0.72087,0.72087,-0,-0
772,0.21753,0.21746,-0,6.4096e-05
773,0.37247,0.37244,-0,2.4596e-05
774,0.62671,0.62671,-0,5.1074e-06
775,-0,2.5496e-11,1.2314e-10,1.4787e-11
776,0.35435,0.04431,-0,0.31004
777,0.086646,0.086541,2.8866e-15,0.00010459
778,0.27031,0.25432,-0,0.015988
779,0.24967,0.24958,-0,9.5081e-05
780,0.16419,0.16409,1.3323e-15,9.9451e-05
781,NaN,NaN,NaN,NaN
782,-0,4.334e-11,1.4396e-10,2.5351e-11
783,-0,4.334e-11,1.4396e-10,2.5351e-11
784,0.32189,0.32189,-0,-0
785,-0,-7.4579e-10,8.3492e-10,4.8311e-10
786,0.36313,0.14196,0.22117,1.3634e-13
787,-0,2.5496e-11,1.2314e-10,1.4787e-11
788,0.13213,0.13212,-0,5.1992e-06
789,-0,4.334e-11,1.4396e-10,2.5351e-11
790,0.27031,0.13515,-0,0.13515
791,-0,2.5496e-11,1.2314e-10,1.4787e-11
792,-0,4.334e-11,1.4396e-10,2.5351e-11
793,-0,-3.8259e-08,2.5172e-08,1.4852e-08
794,0.13814,0.13814,9.7198e-07,-0
795,0.30096,0.19503,0.10593,-0
796,0.18948,0.15904,0.030441,-0
797,1.6396,1.5462,0.09341,-0
798,0.27799,0.017486,-0,0.2605
799,0.15193,0.10545,-0,0.046488
800,0.36772,0.0074129,1.9984e-15,0.36031
801,0.28797,0.03493,-0,0.25304
802,-0,-3.8259e-08,2.5172e-08,1.4852e-08
803,-0,-3.8259e-08,2.5172e-08,1.4852e-08
804,0.13213,0.13211,1.6168e-05,-0
805,0.36781,0.00023443,0.36758,-0
806,0.27031,0.091932,0.17838,-0
807,-0,4.334e-11,1.4396e-10,2.5351e-11
808,-0,4.334e-11,1.4396e-10,2.5351e-11
809,0.13213,0.13213,-0,9.2723e-07
810,-0,2.5496e-11,1.2314e-10,1.4787e-11
811,0.36823,0.36823,2.5103e-06,-0
812,0.32703,4.6382e-06,0.32702,1.4721e-06
813,0.33526,0.18389,0.15137,-0
814,-0,-7.4579e-10,8.3492e-10,4.8311e-10
815,0.36478,0.21022,0.15456,-0
816,0.068815,0.068735,-0,7.943e-05
817,0.38415,0.38405,-0,9.3257e-05
818,-0,2.5496e-11,1.2314e-10,1.4787e-11
819,0.25458,0.25457,-0,4.4528e-06
820,0.1885,0.00092181,0.18758,-0
821,-0,-3.8259e-08,2.5172e-08,1.4852e-08
822,0.31441,0.12443,0.18999,-0
823,0.53675,0.24089,0.29586,-0
824,0.23026,0.23001,0.00025087,-0
825,0.21576,0.21576,1.0864e-06,-0
826,-0,-7.4579e-10,8.3492e-10,4.8311e-10
827,-0,-3.8259e-08,2.5172e-08,1.4852e-08
828,-0,-7.4579e-10,8.3492e-10,4.8311e-10
829,0.073886,0.073885,6.6486e-07,-0
830,-0,-3.8259e-08,2.5172e-08,1.4852e-08
831,-0,-3.8259e-08,2.5172e-08,1.4852e-08
832,-0,-3.8259e-08,2.5172e-08,1.4852e-08
833,-0,-7.4579e-10,8.3492e-10,4.8311e-10
834,-0,4.334e-11,1.4396e-10,2.5351e-11
835,-0,4.334e-11,1.4396e-10,2.5351e-11
836,-0,4.334e-11,1.4396e-10,2.5351e-11
837,0.3662,0.36411,-0,0.002092
838,0.75525,0.75524,1.3504e-05,-0
839,0.82103,0.76317,0.057857,-0
840,0.71351,0.71351,2.3797e-07,-0
841,0.67228,0.67228,-0,-0
842,0.98686,0.98686,-0,-0
843,3.1737,2.5435,0.34048,0.28968
844,0.91531,0.91531,8.8818e-16,8.8818e-16
845,1.1936,1.1936,-0,-0
846,1.0759,0.71396,-0,0.36194
847,0.35686,0.35267,0.0041838,-0
848,0.35089,0.35086,2.9723e-05,-0
849,0.36787,0.36785,2.5089e-05,-0
850,0.3417,0.071992,0.2697,-0
851,0.046467,0.034753,0.011714,-0
852,0.25458,0.25456,2.2841e-05,-0
853,-0,-3.8259e-08,2.5172e-08,1.4852e-08
854,0.63391,0.46595,0.16796,-0
855,-0,4.334e-11,1.4396e-10,2.5351e-11
856,-0,4.334e-11,1.4396e-10,2.5351e-11
857,0.3662,0.0011845,-0,0.36502
858,-0,2.5496e-11,1.2314e-10,1.4787e-11
859,0.36348,0.021022,-0,0.34246
860,-0,2.5496e-11,1.2314e-10,1.4787e-11
861,0.18662,0.17302,-0,0.013601
862,0.1047,0.10462,-0,7.7309e-05
863,NaN,NaN,NaN,NaN
864,0.54473,0.30564,-0,0.23909
865,1.0538,0.63518,0.41864,-0
866,-0,-7.4579e-10,8.3492e-10,4.8311e-10
867,0.36772,0.090355,0.27737,-0
868,0.46034,0.19177,0.26857,-0
869,0.51257,0.21406,0.29851,-0
870,NaN,NaN,NaN,NaN
871,0.33603,0.13168,-0,0.20435
872,-0,4.334e-11,1.4396e-10,2.5351e-11
873,-0,4.334e-11,1.4396e-10,2.5351e-11
874,0.24414,0.24413,-0,1.0976e-06
875,0.3662,0.081566,-0,0.28464
876,0.36266,0.065392,-0,0.29727
877,-0,4.334e-11,1.4396e-10,2.5351e-11
878,0.35793,0.01166,-0,0.34627
879,-0,4.334e-11,1.4396e-10,2.5351e-11
880,0.3662,0.091723,-0,0.27448
881,-0,4.334e-11,1.4396e-10,2.5351e-11
882,0.36652,0.18326,-0,0.18326
883,0.35933,0.35918,0.00014976,-0
884,0.25443,0.15366,0.10077,6.4393e-15
885,0.34169,0.30679,0.034894,-0
886,0.36786,7.7989e-05,-0,0.36778
887,0.35328,0.002337,-0,0.35094
888,-0,2.5496e-11,1.2314e-10,1.4787e-11
889,-0,4.334e-11,1.4396e-10,2.5351e-11
890,0.3301,0.24924,-0,0.080853
891,0.068815,0.068812,-0,2.805e-06
892,-0,-3.8259e-08,2.5172e-08,1.4852e-08
893,-0,-3.8259e-08,2.5172e-08,1.4852e-08
894,0.3301,0.32693,0.0031678,2.3648e-14
895,0.1047,0.10467,2.1274e-05,5.5511e-16
896,0.31213,0.040019,0.27212,-0
897,0.083061,0.08306,9.126e-07,-0
898,NaN,NaN,NaN,NaN
899,0.22745,0.18989,-0,0.037557
900,0.27031,0.13515,-0,0.13515
901,-0,-7.4579e-10,8.3492e-10,4.8311e-10
902,0.36041,0.3604,1.1799e-05,-0
903,-0,-7.4579e-10,8.3492e-10,4.8311e-10
904,-0,-7.4579e-10,8.3492e-10,4.8311e-10
905,0.29877,0.12957,0.1692,-0
906,-0,4.334e-11,1.4396e-10,2.5351e-11
907,-0,-3.8259e-08,2.5172e-08,1.4852e-08
908,-0,4.334e-11,1.4396e-10,2.5351e-11
909,-0,2.5496e-11,1.2314e-10,1.4787e-11
910,0.55997,0.55995,1.3198e-05,-0
911,0.64483,0.64483,1.6006e-07,-0
912,0.057058,0.057002,5.6816e-05,-0
913,-0,-7.4579e-10,8.3492e-10,4.8311e-10
914,-0,4.334e-11,1.4396e-10,2.5351e-11
915,-0,4.334e-11,1.4396e-10,2.5351e-11
916,-0,4.334e-11,1.4396e-10,2.5351e-11
917,-0,4.334e-11,1.4396e-10,2.5351e-11
918,0.35247,0.00052267,-0,0.35195
919,-0,-3.8259e-08,2.5172e-08,1.4852e-08
920,0.086646,0.086627,1.8168e-05,-0
921,0.20182,0.20182,9.4972e-07,-0
922,-0,-3.8259e-08,2.5172e-08,1.4852e-08
923,0.2256,0.21228,0.013322,-0
924,0.07976,0.079757,-0,3.2258e-06
925,0.069881,0.065892,-0,0.0039889
926,-0,2.5496e-11,1.2314e-10,1.4787e-11
927,0.48465,0.29754,-0,0.18712
928,-0,-3.8259e-08,2.5172e-08,1.4852e-08
929,0.21576,0.027761,0.188,-0
930,-0,-3.8259e-08,2.5172e-08,1.4852e-08
931,0.34657,0.1733,0.17327,-0
932,0.89255,0.89254,3.1287e-06,1.7764e-15
933,-0,4.334e-11,1.4396e-10,2.5351e-11
934,0.094824,0.094741,-0,8.3523e-05
935,0.15193,0.075967,-0,0.075967
936,0.36478,0.12761,2.1982e-14,0.23716
937,-0,-7.4579e-10,8.3492e-10,4.8311e-10
938,0.13213,0.13213,1.0029e-06,-0
939,-0,-7.4579e-10,8.3492e-10,4.8311e-10
940,-0,-7.4579e-10,8.3492e-10,4.8311e-10
941,0.29145,0.29119,0.00025607,-0
942,NaN,NaN,NaN,NaN
943,-0,-3.8259e-08,2.5172e-08,1.4852e-08
944,-0,-3.8259e-08,2.5172e-08,1.4852e-08
945,0.12402,0.094928,0.029092,-0
946,0.3662,0.35883,0.0073774,2.7756e-15
947,0.043631,0.042289,0.0013423,-0
948,-0,-3.8259e-08,2.5172e-08,1.4852e-08
949,0.52257,0.52257,7.438e-07,-0
950,0.18948,0.13048,0.059001,-0
951,-0,-3.8259e-08,2.5172e-08,1.4852e-08
952,0.36772,0.14899,0.21873,-0
953,0.20182,0.14962,0.052199,-0
954,0.20708,0.0012253,-0,0.20585
955,0.36348,0.027887,0.3356,1.199e-14
956,0.31387,0.31375,0.00012314,1.5765e-14
957,-0,-7.4579e-10,8.3492e-10,4.8311e-10
958,0.57043,0.57043,1.6168e-06,-0
959,-0,-7.4579e-10,8.3492e-10,4.8311e-10
960,NaN,NaN,NaN,NaN
961,-0,-7.4579e-10,8.3492e-10,4.8311e-10
962,0.24034,0.13427,-0,0.10607
963,0.34657,0.0015034,-0,0.34507
964,-0,-3.8259e-08,2.5172e-08,1.4852e-08
965,0.19547,0.19546,6.5334e-07,2.8866e-15
966,0.24967,0.20866,0.041015,-0
967,0.33062,0.33061,6.3951e-06,-0
968,0.28763,0.12383,0.1638,-0
969,0.36119,0.3611,-0,9.3805e-05
970,0.53038,0.44131,-0,0.089067
971,0.24967,0.2494,-0,0.00026884
972,0.36041,0.36041,-0,-0
973,0.34657,0.00089289,0.34568,1.4766e-11
974,0.19547,0.057069,0.1384,-0
975,-0,-7.4579e-10,8.3492e-10,4.8311e-10
976,-0,-3.8259e-08,2.5172e-08,1.4852e-08
977,0.22502,0.17709,0.047927,-0
978,0.3065,0.033591,0.2729,-0
979,0.21799,0.21793,6.4881e-05,7.0277e-14
980,0.19547,0.19546,2.972e-06,-0
981,-0,-7.4579e-10,8.3492e-10,4.8311e-10
982,0.46134,0.46134,-0,-0
983,0.21576,0.2155,-0,0.00025734
984,0.3662,0.36608,0.00012706,1.1102e-16
985,0.36652,0.27994,0.086572,-0
986,-0,-3.8259e-08,2.5172e-08,1.4852e-08
987,-0,4.334e-11,1.4396e-10,2.5351e-11
988,-0,4.334e-11,1.4396e-10,2.5351e-11
989,0.32655,0.32646,-0,8.64e-05
990,0.24967,0.10125,-0,0.14842
991,-0,2.5496e-11,1.2314e-10,1.4787e-11
992,0.46341,0.46341,-0,-0
993,0.56234,0.56222,-0,0.00011943
994,0.3662,0.3662,-0,4.0123e-06
995,0.49851,0.49851,-0,-0
996,-0,4.334e-11,1.4396e-10,2.5351e-11
997,0.11684,0.11638,6.6613e-16,0.000461
998,0.17851,0.17805,2.409e-10,0.00046874
999,-0,4.334e-11,1.4396e-10,2.5351e-11
1000,0.36041,0.25713,-0,0.10328
1001,0.20514,0.20507,-0,7.4972e-05
1002,0.58054,0.58046,-0,7.6893e-05
1003,0.35132,0.35084,0.00047765,-0
1004,0.3301,0.32983,0.00026321,-0
1005,0.22745,0.026143,0.2013,-0
1006,1.1881,0.97501,0.21311,-0
1007,-0,-3.8259e-08,2.5172e-08,1.4852e-08
1008,-0,4.334e-11,1.4396e-10,2.5351e-11
1009,0.20708,0.0045531,0.20252,-0
1010,-0,-7.4579e-10,8.3492e-10,4.8311e-10
1011,0.031732,0.031718,2.8866e-15,1.4438e-05
1012,-0,-3.8259e-08,2.5172e-08,1.4852e-08
1013,1.3156,1.3155,2.4632e-05,2.8547e-06
1014,1.9858,1.7059,0.27991,2.4462e-06
1015,-0,-3.8259e-08,2.5172e-08,1.4852e-08
1016,0.3662,0.096306,-0,0.2699
1017,0.068815,0.068735,-0,7.943e-05
1018,0.19923,0.19923,9.3146e-07,-0
1019,0.4674,0.1786,0.28879,-0
1020,0.48465,0.2956,0.18905,-0
1021,0.49821,0.4982,1.3058e-05,-0
1022,0.16871,0.16871,9.8239e-07,-0
1023,-0,4.334e-11,1.4396e-10,2.5351e-11
1024,0.33839,0.33716,-0,0.0012287
1025,0.34657,0.21099,-0,0.13559
1026,0.67755,0.67729,-0,0.00026412
1027,0.51445,0.51445,-0,-0
1028,0.30611,0.3061,4.0607e-06,-0
1029,0.30421,0.30394,0.00026553,6.6613e-16
1030,0.31387,0.31386,1.4842e-05,-0
1031,0.34657,0.054717,0.29186,-0
1032,-0,-3.8259e-08,2.5172e-08,1.4852e-08
1033,0.3367,0.13652,0.20018,-0
1034,-0,2.5496e-11,1.2314e-10,1.4787e-11
1035,-0,2.5496e-11,1.2314e-10,1.4787e-11
1036,0.60666,0.40381,0.20285,-0
1037,NaN,NaN,NaN,NaN
1038,0.34657,0.078032,0.26854,-0
1039,0.61619,0.61619,1.4655e-14,1.4655e-14
1040,0.24414,0.24271,0.0014242,1.0902e-13
1041,0.54156,0.54156,-0,-0
1042,0.29375,0.29375,1.4641e-12,1.4637e-12
1043,0.16419,0.16411,7.7675e-05,-0
1044,0.7304,0.7304,-0,-0
1045,0.36772,0.35381,-0,0.013907
1046,0.36765,0.16061,0.20704,-0
1047,0.24426,0.10447,-0,0.1398
1048,0.25458,0.084768,0.16981,-0
1049,-0,-7.4579e-10,8.3492e-10,4.8311e-10
1050,-0,-7.4579e-10,8.3492e-10,4.8311e-10
1051,-0,-7.4579e-10,8.3492e-10,4.8311e-10
1052,0.2316,0.093563,-0,0.13804
1053,0.3662,5.3712e-05,-0,0.36615
1054,-0,5.3837e-10,2.0444e-10,9.8785e-10
1055,0.35905,0.010203,0.34885,-0
1056,0.26865,0.26859,6.4864e-05,8.2157e-15
1057,0.15193,0.15183,6.6613e-16,0.00010956
1058,0.16419,0.16418,-0,4.3361e-06
1059,-0,4.334e-11,1.4396e-10,2.5351e-11
1060,0.54255,0.18512,-0,0.35743
1061,-0,2.5496e-11,1.2314e-10,1.4787e-11
1062,0.073886,0.073882,-0,3.432e-06
1063,0.3662,0.36001,0.0061926,-0
1064,-0,-3.8259e-08,2.5172e-08,1.4852e-08
1065,0.29877,0.090417,0.20836,-0
1066,0.35435,0.35284,0.0015091,-0
1067,-0,-7.4579e-10,8.3492e-10,4.8311e-10
1068,0.42633,0.42632,1.2847e-05,-0
1069,0.30995,0.0010123,0.30894,4.996e-15
1070,0.23026,0.23024,-0,1.9521e-05
1071,0.19547,0.11107,-0,0.084395
1072,-0,-3.8259e-08,2.5172e-08,1.4852e-08
1073,-0,-7.4579e-10,8.3492e-10,4.8311e-10
1074,-0,-7.4579e-10,8.3492e-10,4.8311e-10
1075,0.068815,0.068814,1.0448e-06,-0
1076,-0,-3.8259e-08,2.5172e-08,1.4852e-08
1077,-0,-7.4579e-10,8.3492e-10,4.8311e-10
1078,-0,-3.8259e-08,2.5172e-08,1.4852e-08
1079,0.51832,0.21821,-0,0.30011
1080,0.25443,0.016882,-0,0.23755
1081,0.21576,0.030169,0.18559,-0
1082,0.19547,0.19545,1.7816e-05,-0
1083,0.34657,0.34657,7.8865e-08,-0
1084,0.19547,0.19544,2.338e-05,1.9984e-15
1085,0.21576,0.21576,1.0381e-06,-0
1086,0.44013,0.44013,-0,1.2303e-06
1087,-0,4.334e-11,1.4396e-10,2.5351e-11
1088,0.51814,0.51814,-0,1.225e-06
1089,-0,4.334e-11,1.4396e-10,2.5351e-11
1090,NaN,NaN,NaN,NaN
1091,0.30883,0.30872,0.00011055,-0
1092,0.36772,0.36729,0.00042848,-0
1093,0.23503,0.041181,0.19385,-0
1094,0.068815,0.068715,9.935e-05,2.82e-14
1095,0.56481,0.56481,1.5881e-07,-0
1096,0.35247,0.32222,0.030251,-0
1097,0.57328,0.57328,-0,1.0903e-06
1098,-0,2.5496e-11,1.2314e-10,1.4787e-11
1099,-0,-3.8259e-08,2.5172e-08,1.4852e-08
1100,-0,-3.8259e-08,2.5172e-08,1.4852e-08
1101,0.30611,0.064356,0.24175,-0
1102,-0,4.334e-11,1.4396e-10,2.5351e-11
1103,-0,2.5496e-11,1.2314e-10,1.4787e-11
1104,0.29863,0.29863,2.1094e-15,2.0099e-07
1105,-0,4.334e-11,1.4396e-10,2.5351e-11
1106,-0,4.334e-11,1.4396e-10,2.5351e-11
1107,0.2316,0.093563,-0,0.13804
1108,-0,-7.4579e-10,8.3492e-10,4.8311e-10
1109,-0,-3.8259e-08,2.5172e-08,1.4852e-08
1110,0.33839,0.30278,0.03561,-0
1111,0.053983,0.053912,7.1032e-05,5.6621e-15
1112,-0,-7.4579e-10,8.3492e-10,4.8311e-10
1113,0.25246,0.24098,0.011472,-0
1114,-0,4.334e-11,1.4396e-10,2.5351e-11
1115,0.12402,0.124,-0,1.9758e-05
1116,-0,4.334e-11,1.4396e-10,2.5351e-11
1117,0.3321,0.12667,0.20543,-0
1118,0.31441,0.31439,2.2072e-05,-0
1119,-0,-7.4579e-10,8.3492e-10,4.8311e-10
1120,0.24414,0.24366,0.00047801,-0
1121,0.34657,0.34657,5.4774e-06,-0
1122,0.27031,0.27031,-0,-0
1123,0.17329,0.17286,0.00042754,3.9968e-15
1124,-0,4.334e-11,1.4396e-10,2.5351e-11
1125,0.34657,0.17329,-0,0.17329
1126,-0,2.5496e-11,1.2314e-10,1.4787e-11
1127,-0,-7.4579e-10,8.3492e-10,4.8311e-10
1128,0.039189,0.039131,5.8338e-05,-0
1129,0.26069,0.18482,0.075869,-0
1130,-0,2.5496e-11,1.2314e-10,1.4787e-11
1131,0.32986,0.32317,-0,0.0066916
1132,0.33526,0.31264,-0,0.022619
1133,0.26225,0.1947,-0,0.067554
1134,-0,2.5496e-11,1.2314e-10,1.4787e-11
1135,0.35793,0.35793,1.5629e-06,-0
1136,-0,-3.8259e-08,2.5172e-08,1.4852e-08
1137,0.35247,0.33841,0.014054,-0
1138,0.39267,0.087159,0.30552,-0
1139,-0,-7.4579e-10,8.3492e-10,4.8311e-10
1140,0.33839,0.33812,0.00026265,-0
1141,0.36785,0.36785,3.6395e-07,-0
1142,-0,2.5496e-11,1.2314e-10,1.4787e-11
1143,-0,2.5496e-11,1.2314e-10,1.4787e-11
1144,NaN,NaN,NaN,NaN
1145,NaN,NaN,NaN,NaN
1146,NaN,NaN,NaN,NaN
1147,NaN,NaN,NaN,NaN
1148,NaN,NaN,NaN,NaN
1149,NaN,NaN,NaN,NaN
1150,-0,4.334e-11,1.4396e-10,2.5351e-11
1151,NaN,NaN,NaN,NaN
1152,0.45191,0.45191,1.0436e-14,2.3134e-07
1153,-0,-7.4579e-10,8.3492e-10,4.8311e-10
1154,-0,-7.4579e-10,8.3492e-10,4.8311e-10
1155,-0,-7.4579e-10,8.3492e-10,4.8311e-10
1156,0.32189,0.32188,-0,4.1812e-06
1157,-0,4.334e-11,1.4396e-10,2.5351e-11
1158,-0,4.334e-11,1.4396e-10,2.5351e-11
1159,-0,4.334e-11,1.4396e-10,2.5351e-11
1160,-0,4.334e-11,1.4396e-10,2.5351e-11
1161,0.28404,0.097298,-0,0.18674
1162,0.35686,0.16543,0.19143,-0
1163,0.17329,0.17297,0.00031561,-0
1164,0.3301,0.33008,1.4013e-05,-0
1165,-0,-3.8259e-08,2.5172e-08,1.4852e-08
1166,-0,-7.4579e-10,8.3492e-10,4.8311e-10
1167,0.11684,0.11678,5.6862e-05,-0
1168,0.29877,0.29762,0.0011557,9.4369e-15
1169,0.053983,0.053968,1.4562e-05,-0
1170,0.060505,0.060422,-0,8.3139e-05
1171,0.3065,0.13638,0.17011,-0
1172,0.16419,0.16418,7.0841e-07,-0
1173,0.35933,0.088507,0.27082,-0
1174,-0,-7.4579e-10,8.3492e-10,4.8311e-10
1175,0.30995,0.30959,0.00036503,3.1086e-15
1176,0.36785,0.29595,-0,0.071903
1177,0.18384,0.12411,-0,0.059735
1178,0.068815,0.068814,-0,7.3676e-07
1179,-0,2.5496e-11,1.2314e-10,1.4787e-11
1180,0.31213,0.31213,-0,5.585e-06
1181,0.36221,0.010342,-0,0.35187
1182,NaN,NaN,NaN,NaN
1183,0.16419,0.017052,0.14713,-0
1184,0.1047,0.10468,1.6109e-05,-0
1185,-0,2.5496e-11,1.2314e-10,1.4787e-11
1186,0.31441,0.059995,-0,0.25442
1187,-0,2.5496e-11,1.2314e-10,1.4787e-11
1188,0.25993,6.7916e-05,-0,0.25986
1189,-0,5.3837e-10,2.0444e-10,9.8785e-10
1190,0.36478,0.36472,5.5843e-05,-0
1191,0.33333,0.13901,0.19432,-0
1192,-0,-3.8259e-08,2.5172e-08,1.4852e-08
1193,0.3662,0.36618,2.6315e-05,-0
1194,-0,2.5496e-11,1.2314e-10,1.4787e-11
1195,-0,2.5496e-11,1.2314e-10,1.4787e-11
1196,0.36167,0.18787,-0,0.1738
1197,0.28763,0.2062,-0,0.081425
1198,-0,-3.8259e-08,2.5172e-08,1.4852e-08
1199,0.1047,0.10469,-0,5.2659e-06
1200,-0,2.5496e-11,1.2314e-10,1.4787e-11
1201,-0,2.5496e-11,1.2314e-10,1.4787e-11
1202,0.36788,0.16117,-0,0.20671
1203,0.35643,4.462e-05,-0,0.35639
1204,0.086646,0.086534,-0,0.00011132
1205,0.32189,0.23988,-0,0.082009
1206,-0,4.334e-11,1.4396e-10,2.5351e-11
1207,0.33333,0.31754,0.015786,-0
1208,-0,4.334e-11,1.4396e-10,2.5351e-11
1209,0.33839,0.33508,0.0033086,2.7311e-14
1210,0.20182,0.20174,-0,8.2704e-05
1211,0.18948,0.18904,3.7959e-13,0.00044442
1212,0.44905,0.092612,-0,0.35644
1213,0.31978,0.12475,0.19503,-0
1214,-0,2.5496e-11,1.2314e-10,1.4787e-11
1215,0.35285,0.35284,-0,5.3122e-06
1216,0.21576,0.027537,0.18822,-0
1217,0.25458,0.036796,0.21778,-0
1218,-0,-3.8259e-08,2.5172e-08,1.4852e-08
1219,-0,-3.8259e-08,2.5172e-08,1.4852e-08
1220,-0,-7.4579e-10,8.3492e-10,4.8311e-10
1221,-0,4.334e-11,1.4396e-10,2.5351e-11
1222,-0,4.334e-11,1.4396e-10,2.5351e-11
1223,-0,2.5496e-11,1.2314e-10,1.4787e-11
1224,0.3065,0.010147,-0,0.29635
1225,0.51445,0.37143,0.14302,-0
1226,0.024685,0.02467,1.5298e-05,-0
1227,-0,-3.8259e-08,2.5172e-08,1.4852e-08
1228,0.34956,0.34624,0.0033221,1.6193e-12
1229,0.24034,0.19358,0.046757,-0
1230,-0,-7.4579e-10,8.3492e-10,4.8311e-10
1231,0.295,6.1312e-05,0.29494,-0
1232,0.094824,0.094807,1.7524e-05,-0
1233,0.58778,0.24358,0.3442,-0
1234,0.54255,0.23293,0.30962,-0
1235,-0,-3.8259e-08,2.5172e-08,1.4852e-08
1236,-0,-3.8259e-08,2.5172e-08,1.4852e-08
1237,0.34657,0.34657,1.9677e-06,-0
1238,NaN,NaN,NaN,NaN
1239,-0,-7.4579e-10,8.3492e-10,4.8311e-10
1240,-0,-3.8259e-08,2.5172e-08,1.4852e-08
1241,-0,-7.4579e-10,8.3492e-10,4.8311e-10
1242,0.090552,0.090462,-0,9.0071e-05
1243,0.35839,0.19576,0.16263,-0
1244,0.62456,0.32159,0.30297,-0
1245,0.64988,0.64988,8.065e-07,-0
1246,0.17851,0.089258,-0,0.089257
1247,-0,4.334e-11,1.4396e-10,2.5351e-11
1248,0.35839,0.00012521,0.35826,-0
1249,-0,2.5496e-11,1.2314e-10,1.4787e-11
1250,-0,4.334e-11,1.4396e-10,2.5351e-11
1251,0.23026,0.23001,0.00024683,5.3291e-15
1252,0.094824,0.094801,2.3192e-05,-0
1253,0.3367,0.20297,0.13373,-0
1254,-0,-7.4579e-10,8.3492e-10,4.8311e-10
1255,-0,-7.4579e-10,8.3492e-10,4.8311e-10
1256,0.16419,0.16418,-0,4.3361e-06
1257,0.36167,0.32191,-0,0.039761
1258,0.18662,0.18622,4.885e-14,0.00040425
1259,0.13213,0.13212,-0,4.909e-06
1260,-0,4.334e-11,1.4396e-10,2.5351e-11
1261,-0,-3.8259e-08,2.5172e-08,1.4852e-08
1262,0.14915,0.10084,0.048306,-0
1263,0.15581,0.070532,0.085283,-0
1264,-0,-7.4579e-10,8.3492e-10,4.8311e-10
1265,0.27396,0.25246,0.021493,-0
1266,-0,-7.4579e-10,8.3492e-10,4.8311e-10
1267,0.25116,0.15556,0.095602,-0
1268,1.1473,0.98329,1.0357e-06,0.16405
1269,0.090575,0.090574,-0,9.1344e-07
1270,-0,-7.4579e-10,8.3492e-10,4.8311e-10
1271,-0,-7.4579e-10,8.3492e-10,4.8311e-10
1272,-0,-7.4579e-10,8.3492e-10,4.8311e-10
1273,-0,4.334e-11,1.4396e-10,2.5351e-11
1274,0.36436,4.5167e-05,-0,0.36432
1275,-0,4.334e-11,1.4396e-10,2.5351e-11
1276,-0,4.334e-11,1.4396e-10,2.5351e-11
1277,0.33602,0.0011736,-0,0.33484
1278,-0,4.334e-11,1.4396e-10,2.5351e-11
1279,-0,4.334e-11,1.4396e-10,2.5351e-11
1280,0.11249,0.070468,0.042025,-0
1281,-0,-3.8259e-08,2.5172e-08,1.4852e-08
1282,-0,4.334e-11,1.4396e-10,2.5351e-11
1283,0.3662,0.3626,-0,0.0036087
1284,-0,2.5496e-11,1.2314e-10,1.4787e-11
1285,0.32881,0.059544,-0,0.26927
1286,0.36313,0.13866,-0,0.22447
1287,0.097903,0.076851,-0,0.021052
1288,0.27031,0.13515,-0,0.13515
1289,0.13213,0.11551,-0,0.016616
1290,0.36729,0.046198,-0,0.32109
1291,0.3684,0.24094,-0,0.12746
1292,0.15989,0.15983,-0,6.1662e-05
1293,0.15989,0.13263,-0,0.027265
1294,0.36772,0.36666,-0,0.0010599
1295,0.3301,0.33003,-0,7.0177e-05
1296,0.36772,0.36772,-0,-0
1297,-0,-3.8259e-08,2.5172e-08,1.4852e-08
1298,-0,2.5496e-11,1.2314e-10,1.4787e-11
1299,0.11684,0.066435,6.5503e-15,0.050405
1300,0.34045,0.14621,-0,0.19424
1301,0.33839,0.0014279,-0,0.33696
1302,0.35472,0.067384,-0,0.28733
1303,0.35567,0.14894,-0,0.20673
1304,0.36744,0.36716,-0,0.00027335
1305,-0,4.334e-11,1.4396e-10,2.5351e-11
1306,0.99963,0.8299,0.16972,1.3743e-06
1307,0.36525,0.23135,0.13391,-0
1308,1.6467,1.1566,0.051647,0.43854
1309,0.36123,0.21803,0.1432,3.6637e-13
1310,0.37464,0.36574,-0,0.0088975
1311,0.31885,0.31741,-0,0.0014445
1312,0.26542,0.22045,-0,0.044976
1313,0.17307,0.16117,-0,0.011896
1314,0.46454,0.27778,-0,0.18676
1315,0.21799,0.21793,6.4881e-05,7.0277e-14
1316,0.21576,0.17149,0.044272,-0
1317,0.19547,0.084894,0.11057,-0
1318,-0,4.334e-11,1.4396e-10,2.5351e-11
1319,0.39418,0.39417,-0,5.4426e-06
1320,-0,4.334e-11,1.4396e-10,2.5351e-11
1321,0.2316,0.23152,-0,8.2762e-05
1322,0.24034,0.17755,-0,0.062783
1323,-0,4.334e-11,1.4396e-10,2.5351e-11
1324,0.34657,0.29501,0.051561,-0
1325,0.37799,0.37797,2.3432e-05,-0
1326,0.1047,0.1047,-0,7.6942e-07
1327,0.27024,0.27022,2.1328e-05,-0
1328,0.29863,0.29862,-0,5.9857e-06
1329,0.28797,0.28764,0.00032708,-0
1330,-0,4.334e-11,1.4396e-10,2.5351e-11
1331,0.073886,0.073884,-0,1.0948e-06
1332,0.07976,0.07976,2.2438e-07,-0
1333,0.27031,0.10936,0.16095,-0
1334,-0,-7.4579e-10,8.3492e-10,4.8311e-10
1335,-0,-3.8259e-08,2.5172e-08,1.4852e-08
1336,0.20182,0.14965,-0,0.052166
1337,0.36313,0.33491,-0,0.028221
1338,-0,2.5496e-11,1.2314e-10,1.4787e-11
1339,0.55416,0.55416,-0,2.1193e-06
1340,-0,2.5496e-11,1.2314e-10,1.4787e-11
1341,0.27031,0.10235,-0,0.16796
1342,0.28763,0.28763,8.3212e-08,-0
1343,-0,-3.8259e-08,2.5172e-08,1.4852e-08
1344,0.34657,0.022064,-0,0.32451
1345,-0,2.5496e-11,1.2314e-10,1.4787e-11
1346,0.14135,0.14127,-0,8.5772e-05
1347,-0,4.334e-11,1.4396e-10,2.5351e-11
1348,-0,4.334e-11,1.4396e-10,2.5351e-11
1349,0.66685,0.66682,-0,3.2591e-05
1350,-0,4.334e-11,1.4396e-10,2.5351e-11
1351,0.31978,0.049514,0.27027,-0
1352,0.3662,0.3662,5.1269e-06,-0
1353,0.28404,0.099905,0.18413,-0
1354,-0,-7.4579e-10,8.3492e-10,4.8311e-10
1355,0.16419,0.16418,7.0841e-07,-0
1356,-0,4.334e-11,1.4396e-10,2.5351e-11
1357,-0,4.334e-11,1.4396e-10,2.5351e-11
1358,0.1973,0.19722,-0,8.2508e-05
1359,0.086646,0.086541,2.8866e-15,0.00010459
1360,-0,-3.8259e-08,2.5172e-08,1.4852e-08
1361,-0,-3.8259e-08,2.5172e-08,1.4852e-08
1362,-0,-3.8259e-08,2.5172e-08,1.4852e-08
1363,0.31585,0.31285,0.0030026,1.1324e-14
1364,-0,-3.8259e-08,2.5172e-08,1.4852e-08
1365,0.36262,0.36228,0.00034205,-0
1366,-0,-3.8259e-08,2.5172e-08,1.4852e-08
1367,0.15772,1.556e-05,0.1577,-0
1368,1.7355,1.3728,0.00059835,0.36213
1369,0.32189,0.32189,-0,-0
1370,-0,4.334e-11,1.4396e-10,2.5351e-11
1371,0.17851,0.17851,1.511e-07,-0
1372,-0,-7.4579e-10,8.3492e-10,4.8311e-10
1373,-0,-7.4579e-10,8.3492e-10,4.8311e-10
1374,-0,-7.4579e-10,8.3492e-10,4.8311e-10
1375,0.31978,0.14473,0.17505,-0
1376,0.3662,0.36411,-0,0.002092
1377,-0,4.334e-11,1.4396e-10,2.5351e-11
1378,-0,-3.8259e-08,2.5172e-08,1.4852e-08
1379,0.36348,0.35812,0.0053642,2.2204e-16
1380,0.57043,0.57043,-0,-0
1381,0.13786,0.092774,2.8866e-15,0.045085
1382,NaN,NaN,NaN,NaN
1383,-0,2.5496e-11,1.2314e-10,1.4787e-11
1384,NaN,NaN,NaN,NaN
1385,NaN,NaN,NaN,NaN
1386,NaN,NaN,NaN,NaN
1387,0.35247,0.034336,0.31813,-0
1388,-0,2.5496e-11,1.2314e-10,1.4787e-11
1389,-0,-7.4579e-10,8.3492e-10,4.8311e-10
1390,0.097592,0.0098284,1.2179e-13,0.087764
1391,0.16871,0.14196,-0,0.026747
1392,-0,2.5496e-11,1.2314e-10,1.4787e-11
1393,0.046829,0.029185,3.8414e-13,0.017644
1394,0.34657,0.25024,-0,0.096333
1395,-0,2.5496e-11,1.2314e-10,1.4787e-11
1396,0.29023,0.12501,0.16522,-0
1397,0.073886,0.073863,2.2756e-05,-0
1398,-0,-7.4579e-10,8.3492e-10,4.8311e-10
1399,0.28797,2.4613e-06,0.28797,-0
1400,-0,-7.4579e-10,8.3492e-10,4.8311e-10
1401,0.15193,0.09048,0.061455,-0
1402,NaN,NaN,NaN,NaN
1403,-0,-7.4579e-10,8.3492e-10,4.8311e-10
1404,1.8641,1.7512,0.11283,-0
1405,0.21576,0.2116,0.00416,-0
1406,-0,-3.8259e-08,2.5172e-08,1.4852e-08
1407,0.36393,0.35609,0.0078429,-0
1408,NaN,NaN,NaN,NaN
1409,-0,-3.8259e-08,2.5172e-08,1.4852e-08
1410,0.24586,0.13976,0.1061,-0
1411,-0,-3.8259e-08,2.5172e-08,1.4852e-08
1412,-0,-3.8259e-08,2.5172e-08,1.4852e-08
1413,0.36781,0.3678,7.0341e-06,-0
1414,0.3065,0.24137,0.065121,4.5408e-14
1415,1.0005,0.7573,0.24323,-0
1416,0.28457,0.28431,0.00025361,-0
1417,0.33333,0.00010423,0.33322,8.8818e-15
1418,0.1699,0.16987,3.5237e-05,3.3307e-15
1419,0.32445,0.32445,2.9713e-06,-0
1420,-0,-3.8259e-08,2.5172e-08,1.4852e-08
1421,-0,-3.8259e-08,2.5172e-08,1.4852e-08
1422,-0,-3.8259e-08,2.5172e-08,1.4852e-08
1423,0.66848,0.44827,-0,0.22022
1424,0.29375,0.2935,-0,0.00024857
1425,0.23315,0.079784,-0,0.15336
1426,0.28001,0.22374,-0,0.056272
1427,-0,2.5496e-11,1.2314e-10,1.4787e-11
1428,0.16419,0.16418,-0,2.6805e-06
1429,0.21799,0.21799,-0,5.0263e-06
1430,0.57693,0.21585,-0,0.36109
1431,0.28684,0.28683,-0,1.1745e-06
1432,0.34055,0.34047,8.5038e-05,-0
1433,0.58498,0.58497,-0,5.4923e-06
1434,0.34657,0.34574,0.00083271,-0
1435,0.32679,0.32658,0.00021222,-0
1436,0.58674,0.31485,0.27189,-0
1437,0.42006,0.35918,0.060877,-0
1438,-0,2.5496e-11,1.2314e-10,1.4787e-11
1439,0.36765,0.1476,-0,0.22005
1440,0.3662,0.14239,-0,0.22382
1441,-0,-3.8259e-08,2.5172e-08,1.4852e-08
1442,0.073886,0.073867,1.8124e-05,-0
1443,-0,-3.8259e-08,2.5172e-08,1.4852e-08
1444,0.13213,0.055544,0.076585,-0
1445,0.32189,0.16094,6.9944e-15,0.16094
1446,0.33333,0.20102,-0,0.13231
1447,-0,4.334e-11,1.4396e-10,2.5351e-11
1448,-0,2.5496e-11,1.2314e-10,1.4787e-11
1449,0.55368,0.29011,-0,0.26357
1450,-0,-3.8259e-08,2.5172e-08,1.4852e-08
1451,0.25246,0.18142,0.071039,6.3727e-14
1452,-0,-7.4579e-10,8.3492e-10,4.8311e-10
1453,0.32248,0.025897,-0,0.29658
1454,0.042519,0.042516,-0,2.9596e-06
1455,0.22502,0.047754,-0,0.17726
1456,-0,2.5496e-11,1.2314e-10,1.4787e-11
1457,-0,4.334e-11,1.4396e-10,2.5351e-11
1458,-0,4.334e-11,1.4396e-10,2.5351e-11
1459,0.26865,0.26865,5.2416e-07,-0
1460,-0,-3.8259e-08,2.5172e-08,1.4852e-08
1461,0.3367,0.3364,0.00029771,-0
1462,0.29863,0.00019657,0.29843,-0
1463,0.19547,0.19545,-0,1.7171e-05
1464,-0,4.334e-11,1.4396e-10,2.5351e-11
1465,-0,4.334e-11,1.4396e-10,2.5351e-11
1466,-0,2.5496e-11,1.2314e-10,1.4787e-11
1467,-0,4.334e-11,1.4396e-10,2.5351e-11
1468,1.0805,0.73002,0.3036,0.046916
1469,-0,-7.4579e-10,8.3492e-10,4.8311e-10
1470,-0,4.334e-11,1.4396e-10,2.5351e-11
1471,0.36652,0.093851,-0,0.27267
1472,-0,4.334e-11,1.4396e-10,2.5351e-11
1473,-0,4.334e-11,1.4396e-10,2.5351e-11
1474,0.022983,0.021931,3.3307e-15,0.0010521
1475,0.226,2.6751e-06,-0,0.226
1476,-0,4.334e-11,1.4396e-10,2.5351e-11
1477,-0,5.3837e-10,2.0444e-10,9.8785e-10
1478,0.34045,0.34045,6.4799e-07,-0
1479,-0,-3.8259e-08,2.5172e-08,1.4852e-08
1480,0.15497,0.15446,0.00051353,6.2653e-12
1481,0.25177,0.25152,0.00025101,-0
1482,-0,-3.8259e-08,2.5172e-08,1.4852e-08
1483,0.039189,0.038948,-0,0.00024133
1484,-0,4.334e-11,1.4396e-10,2.5351e-11
1485,-0,4.334e-11,1.4396e-10,2.5351e-11
1486,0.83704,0.83704,7.8814e-07,-0
1487,0.66354,0.36251,0.30103,-0
1488,0.19183,0.16131,0.030525,-0
1489,-0,-3.8259e-08,2.5172e-08,1.4852e-08
1490,-0,-3.8259e-08,2.5172e-08,1.4852e-08
1491,0.12402,0.11772,0.0063031,-0
1492,0.36781,0.36781,9.1771e-07,-0
1493,0.27799,0.27774,0.00025019,-0
1494,-0,-7.4579e-10,8.3492e-10,4.8311e-10
1495,0.66584,0.66581,-0,2.7492e-05
1496,0.44596,0.1848,1.3856e-13,0.26117
1497,0.59365,0.59364,-0,7.6201e-06
1498,0.2316,0.21959,-0,0.01201
1499,0.35472,0.26105,-0,0.093661
1500,0.23652,0.21891,-0,0.017614
1501,0.29877,0.2538,-0,0.04497
1502,0.61978,0.52146,-0,0.098323
1503,0.52882,0.26236,-0,0.26646
1504,0.044405,0.04439,1.5478e-05,5.107e-15
1505,-0,-3.8259e-08,2.5172e-08,1.4852e-08
1506,-0,-7.4579e-10,8.3492e-10,4.8311e-10
1507,0.22502,0.18159,-0,0.043428
1508,0.19547,0.19546,-0,4.723e-06
1509,0.47254,0.18442,-0,0.28812
1510,NaN,NaN,NaN,NaN
1511,0.64197,0.64197,-0,-0
1512,0.76941,0.76941,-0,-0
1513,-0,-3.8259e-08,2.5172e-08,1.4852e-08
1514,-0,-7.4579e-10,8.3492e-10,4.8311e-10
1515,0.32803,9.7062e-06,0.32802,-0
1516,-0,-7.4579e-10,8.3492e-10,4.8311e-10
1517,-0,-3.8259e-08,2.5172e-08,1.4852e-08
1518,0.037712,0.037697,1.4901e-05,-0
1519,0.18948,0.15904,0.030441,-0
1520,-0,-7.4579e-10,8.3492e-10,4.8311e-10
1521,-0,2.5496e-11,1.2314e-10,1.4787e-11
1522,-0,-3.8259e-08,2.5172e-08,1.4852e-08
1523,0.27031,0.17942,0.090894,-0
1524,0.11684,0.082871,0.033969,-0
1525,-0,-3.8259e-08,2.5172e-08,1.4852e-08
1526,0.18948,0.15904,0.030441,-0
1527,0.35839,0.35826,0.00013363,2.1094e-15
1528,0.27031,0.13515,-0,0.13515
1529,-0,4.334e-11,1.4396e-10,2.5351e-11
1530,-0,4.334e-11,1.4396e-10,2.5351e-11
1531,0.31978,0.31978,3.3307e-15,3.3307e-15
1532,0.15193,0.061459,-0,0.090475
1533,-0,4.334e-11,1.4396e-10,2.5351e-11
1534,0.31125,0.31125,-0,4.0371e-06
1535,0.13213,0.13212,-0,5.1992e-06
1536,0.36785,0.26279,0.10506,-0
1537,0.32655,6.0611e-05,-0,0.32649
1538,-0,-7.4579e-10,8.3492e-10,4.8311e-10
1539,0.3065,0.039813,-0,0.26668
1540,-0,-3.8259e-08,2.5172e-08,1.4852e-08
1541,0.33062,0.26705,-0,0.063571
1542,-0,2.5496e-11,1.2314e-10,1.4787e-11
1543,0.24414,0.24377,-0,0.00036153
1544,-0,2.5496e-11,1.2314e-10,1.4787e-11
1545,0.21799,0.21799,-0,4.8663e-06
1546,-0,4.334e-11,1.4396e-10,2.5351e-11
1547,0.24034,0.24034,3.7004e-13,3.697e-13
1548,0.24414,0.24404,-0,9.9372e-05
1549,0.36715,0.26019,0.10696,-0
1550,0.17851,0.16077,0.017742,9.881e-15
1551,0.364,0.36398,2.2338e-05,-0
1552,-0,-7.4579e-10,8.3492e-10,4.8311e-10
1553,0.27799,0.00032278,0.27766,-0
1554,-0,-7.4579e-10,8.3492e-10,4.8311e-10
1555,-0,-7.4579e-10,8.3492e-10,4.8311e-10
1556,-0,-7.4579e-10,8.3492e-10,4.8311e-10
1557,-0,-7.4579e-10,8.3492e-10,4.8311e-10
1558,0.30995,0.30995,-0,3.6438e-06
1559,0.32655,0.32655,7.4816e-07,-0
1560,0.30995,0.30962,0.00033682,2.2204e-16
1561,0.1973,0.00027742,0.19703,-0
1562,0.34657,0.34657,6.4169e-06,-0
1563,-0,4.334e-11,1.4396e-10,2.5351e-11
1564,-0,4.334e-11,1.4396e-10,2.5351e-11
1565,-0,4.334e-11,1.4396e-10,2.5351e-11
1566,-0,4.334e-11,1.4396e-10,2.5351e-11
1567,0.27799,0.27773,0.00026158,-0
1568,NaN,NaN,NaN,NaN
1569,0.07976,0.066609,0.013151,-0
1570,NaN,NaN,NaN,NaN
1571,0.12876,0.099364,0.029399,7.7716e-16
1572,-0,-7.4579e-10,8.3492e-10,4.8311e-10
1573,-0,-7.4579e-10,8.3492e-10,4.8311e-10
1574,NaN,NaN,NaN,NaN
1575,-0,4.334e-11,1.4396e-10,2.5351e-11
1576,NaN,NaN,NaN,NaN
1577,-0,-7.4579e-10,8.3492e-10,4.8311e-10
1578,0.79437,0.79437,5.4362e-07,-0
1579,0.27799,0.27723,0.00075448,7.0689e-09
1580,0.11684,0.11676,7.6205e-05,6.628e-14
1581,-0,2.5496e-11,1.2314e-10,1.4787e-11
1582,-0,-7.4579e-10,8.3492e-10,4.8311e-10
1583,0.23026,4.8327e-05,0.2302,9.992e-16
1584,0.21033,0.18628,-0,0.024047
1585,0.36652,0.27994,0.086572,-0
1586,0.33866,0.076966,0.26169,-0
1587,0.42864,0.42861,2.3357e-05,-0
1588,0.15989,0.15989,-0,2.5829e-06
1589,-0,4.334e-11,1.4396e-10,2.5351e-11
1590,-0,4.334e-11,1.4396e-10,2.5351e-11
1591,0.31213,0.24673,3.2631e-11,0.065408
1592,0.11684,0.11678,-0,6.0433e-05
1593,0.36421,0.15513,-0,0.20908
1594,0.61566,0.52478,0.090878,-0
1595,0.19923,0.076374,0.12286,-0
1596,-0,-7.4579e-10,8.3492e-10,4.8311e-10
1597,0.35567,0.35566,2.0154e-06,-0
1598,0.21576,0.12494,0.09082,-0
1599,-0,-7.4579e-10,8.3492e-10,4.8311e-10
1600,0.32189,0.32166,0.00022932,-0
1601,-0,4.334e-11,1.4396e-10,2.5351e-11
1602,0.18054,0.18023,-0,0.0003049
1603,-0,4.334e-11,1.4396e-10,2.5351e-11
1604,0.36788,0.2265,0.14138,-0
1605,-0,-7.4579e-10,8.3492e-10,4.8311e-10
1606,0.31441,0.079991,0.23442,-0
1607,-0,2.5496e-11,1.2314e-10,1.4787e-11
1608,0.24034,0.17755,-0,0.062783
1609,0.29145,0.0013982,-0,0.29005
1610,-0,4.334e-11,1.4396e-10,2.5351e-11
1611,0.35247,0.19553,-0,0.15694
1612,0.44959,0.44959,5.2948e-07,-0
1613,0.34657,0.34657,6.9623e-07,-0
1614,0.32655,0.32655,-0,-0
1615,-0,4.334e-11,1.4396e-10,2.5351e-11
1616,-0,4.334e-11,1.4396e-10,2.5351e-11
1617,-0,2.5496e-11,1.2314e-10,1.4787e-11
1618,-0,2.5496e-11,1.2314e-10,1.4787e-11
1619,0.094824,0.094741,-0,8.3523e-05
1620,-0,2.5496e-11,1.2314e-10,1.4787e-11
1621,-0,6.7027e-11,1.3281e-10,3.7002e-11
1622,-0,4.334e-11,1.4396e-10,2.5351e-11
1623,0.46134,0.46134,-0,-0
1624,0.3065,0.3065,-0,-0
1625,0.2316,0.032335,-0,0.19927
1626,-0,4.334e-11,1.4396e-10,2.5351e-11
1627,0.086646,0.086541,2.8866e-15,0.00010459
1628,0.36785,0.36763,-0,0.00022129
1629,0.46511,0.46511,-0,-0
1630,0.62341,0.62341,7.2659e-07,-0
1631,0.20182,0.20156,0.00026307,-0
1632,0.1885,0.18714,0.0013671,-0
1633,0.35686,0.35073,-0,0.0061252
1634,0.31441,0.19249,-0,0.12193
1635,-0,4.334e-11,1.4396e-10,2.5351e-11
1636,0.30995,0.30962,-0,0.00033453
1637,0.3662,0.3626,-0,0.0036087
1638,0.20182,0.069168,-0,0.13265
1639,NaN,NaN,NaN,NaN
1640,NaN,NaN,NaN,NaN
1641,NaN,NaN,NaN,NaN
1642,NaN,NaN,NaN,NaN
1643,NaN,NaN,NaN,NaN
1644,NaN,NaN,NaN,NaN
1645,NaN,NaN,NaN,NaN
1646,NaN,NaN,NaN,NaN
1647,NaN,NaN,NaN,NaN
1648,-0,-7.4579e-10,8.3492e-10,4.8311e-10
1649,0.27031,0.27031,6.4794e-07,-0
1650,0.094824,0.094806,1.7984e-05,-0
1651,0.094824,0.094809,1.5528e-05,-0
1652,-0,-7.4579e-10,8.3492e-10,4.8311e-10
1653,1.4293,1.4293,2.9417e-07,3.25e-07
1654,0.3367,0.18217,-0,0.15453
1655,0.32189,0.23988,-0,0.082009
1656,0.34657,0.022064,-0,0.32451
1657,0.28797,0.28777,-0,0.00020356
1658,-0,-7.4579e-10,8.3492e-10,4.8311e-10
1659,0.07976,0.079679,1.1102e-15,8.1086e-05
1660,0.35581,0.24801,0.10781,-0
1661,-0,4.334e-11,1.4396e-10,2.5351e-11
1662,0.67196,0.31513,0.35683,-0
1663,0.96473,0.90647,-0,0.058252
1664,-0,4.334e-11,1.4396e-10,2.5351e-11
1665,0.21576,0.21574,2.1538e-05,3.3307e-16
1666,-0,5.4075e-11,2.2089e-11,1.3385e-10
1667,0.99582,0.99582,1.484e-06,-0
1668,1.8407,1.5946,0.24603,5.8268e-06
1669,0.8395,0.8395,1.1803e-06,-0
1670,0.32054,0.090599,-0,0.22994
1671,0.27877,0.16718,-0,0.11158
1672,0.24406,0.17252,2.1982e-14,0.071543
1673,0.18442,0.18405,-0,0.00037238
1674,-0,-7.4579e-10,8.3492e-10,4.8311e-10
1675,0.1047,0.10468,1.6109e-05,-0
1676,-0,-7.4579e-10,8.3492e-10,4.8311e-10
1677,-0,-7.4579e-10,8.3492e-10,4.8311e-10
1678,-0,-3.8259e-08,2.5172e-08,1.4852e-08
1679,-0,-3.8259e-08,2.5172e-08,1.4852e-08
1680,-0,-7.4579e-10,8.3492e-10,4.8311e-10
1681,0.17851,0.1417,0.036816,-0
1682,-0,-3.8259e-08,2.5172e-08,1.4852e-08
1683,-0,-7.4579e-10,8.3492e-10,4.8311e-10
1684,-0,-3.8259e-08,2.5172e-08,1.4852e-08
1685,-0,-3.8259e-08,2.5172e-08,1.4852e-08
1686,-0,-3.8259e-08,2.5172e-08,1.4852e-08
1687,-0,-3.8259e-08,2.5172e-08,1.4852e-08
1688,0.33424,0.33389,4.8628e-14,0.00035418
1689,0.34657,0.34652,-0,5.2479e-05
1690,0.27031,0.27024,-0,6.846e-05
1691,0.24967,0.11156,-0,0.13811
1692,0.27031,0.27021,-0,0.00010219
1693,-0,-3.8259e-08,2.5172e-08,1.4852e-08
1694,0.30218,0.16781,0.13436,-0
1695,0.32189,0.32155,0.00033723,7.7716e-16
1696,0.57232,0.20428,0.36804,-0
1697,-0,-7.4579e-10,8.3492e-10,4.8311e-10
1698,0.3065,0.30645,-0,4.7716e-05
1699,-0,4.334e-11,1.4396e-10,2.5351e-11
1700,0.18662,0.15909,-0,0.027532
1701,-0,4.334e-11,1.4396e-10,2.5351e-11
1702,0.16666,3.6501e-06,0.16666,-0
1703,0.36652,0.024096,0.34242,-0
1704,0.31387,0.31084,0.0030301,-0
1705,0.28404,0.12959,0.15445,-0
1706,0.18948,0.072392,-0,0.11709
1707,-0,4.334e-11,1.4396e-10,2.5351e-11
1708,NaN,NaN,NaN,NaN
1709,-0,2.5496e-11,1.2314e-10,1.4787e-11
1710,0.23026,0.23025,-0,4.9299e-06
1711,0.35948,0.33246,-0,0.027017
1712,-0,-7.4579e-10,8.3492e-10,4.8311e-10
1713,0.89252,0.52901,7.0113e-07,0.36351
1714,0.36478,0.014733,9.458e-13,0.35005
1715,0.35686,0.32034,-0,0.036518
1716,-0,2.5496e-11,1.2314e-10,1.4787e-11
1717,-0,2.5496e-11,1.2314e-10,1.4787e-11
1718,0.3662,0.27995,-0,0.086249
1719,-0,4.334e-11,1.4396e-10,2.5351e-11
1720,-0,-3.8259e-08,2.5172e-08,1.4852e-08
1721,-0,-3.8259e-08,2.5172e-08,1.4852e-08
1722,0.45602,0.45602,-0,-0
1723,-0,-7.4579e-10,8.3492e-10,4.8311e-10
1724,-0,-7.4579e-10,8.3492e-10,4.8311e-10
1725,-0,-3.8259e-08,2.5172e-08,1.4852e-08
1726,0.72262,0.72262,2.3329e-08,1.7986e-14
1727,0.41727,0.38796,-0,0.02931
1728,-0,4.334e-11,1.4396e-10,2.5351e-11
1729,-0,-3.8259e-08,2.5172e-08,1.4852e-08
1730,-0,-7.4579e-10,8.3492e-10,4.8311e-10
1731,0.36462,0.36457,5.183e-05,-0
1732,0.51671,0.51671,-0,1.2863e-06
1733,0.68423,0.68423,-0,-0
1734,0.37427,0.37427,-0,5.5189e-06
1735,0.24586,0.10614,-0,0.13972
1736,0.28404,0.012631,-0,0.2714
1737,0.44591,0.4459,-0,6.6696e-06
1738,-0,5.3837e-10,2.0444e-10,9.8785e-10
1739,0.67755,0.67755,1.6055e-07,-0
1740,-0,-7.4579e-10,8.3492e-10,4.8311e-10
1741,-0,-7.4579e-10,8.3492e-10,4.8311e-10
1742,0.36652,0.3665,1.9447e-05,-0
1743,-0,-7.4579e-10,8.3492e-10,4.8311e-10
1744,0.15193,0.028012,0.12392,-0
1745,-0,-7.4579e-10,8.3492e-10,4.8311e-10
1746,-0,-7.4579e-10,8.3492e-10,4.8311e-10
1747,0.34657,0.1788,0.16777,2.609e-14
1748,-0,2.5496e-11,1.2314e-10,1.4787e-11
1749,0.1885,0.18842,-0,8.211e-05
1750,0.073886,0.055136,-0,0.01875
1751,-0,4.334e-11,1.4396e-10,2.5351e-11
1752,-0,4.334e-11,1.4396e-10,2.5351e-11
1753,-0,4.334e-11,1.4396e-10,2.5351e-11
1754,0.20719,0.18075,-0,0.026433
1755,-0,2.5496e-11,1.2314e-10,1.4787e-11
1756,0.49526,0.49526,-0,-0
1757,0.3065,0.3065,2.2864e-07,-0
1758,-0,-7.4579e-10,8.3492e-10,4.8311e-10
1759,-0,-7.4579e-10,8.3492e-10,4.8311e-10
1760,0.33424,0.33038,0.0038605,-0
1761,0.37023,0.37,0.0002332,-0
1762,-0,-7.4579e-10,8.3492e-10,4.8311e-10
1763,0.21576,0.21576,-0,-0
1764,0.36313,0.36313,-0,-0
1765,0.28928,0.27037,0.018907,-0
1766,0.39267,0.36739,0.025287,1.0981e-11
1767,0.21238,0.21148,0.00090277,-0
1768,0.59845,0.39783,0.20061,-0
1769,0.40554,0.35361,-0,0.051936
1770,0.50318,0.3306,-0,0.17258
1771,0.16687,0.16657,-0,0.00030159
1772,-0,4.334e-11,1.4396e-10,2.5351e-11
1773,0.037712,0.037694,-0,1.87e-05
1774,0.18662,0.13305,-0,0.053568
1775,0.54548,0.33177,-0,0.21371
1776,0.49851,0.49851,-0,-0
1777,0.30915,0.30913,1.5543e-15,1.8192e-05
1778,0.24364,0.24364,-0,1.0423e-06
1779,0.33333,0.33331,-0,1.8036e-05
1780,0.41059,0.41059,-0,3.9441e-06
1781,0.044405,0.044386,-0,1.9562e-05
1782,0.35285,0.35285,-0,1.0745e-06
1783,-0,-3.8259e-08,2.5172e-08,1.4852e-08
1784,-0,-7.4579e-10,8.3492e-10,4.8311e-10
1785,0.36348,0.15961,-0,0.20388
1786,-0,4.334e-11,1.4396e-10,2.5351e-11
1787,-0,-3.8259e-08,2.5172e-08,1.4852e-08
1788,0.24414,0.091754,-0,0.15238
1789,-0,4.334e-11,1.4396e-10,2.5351e-11
1790,-0,2.5496e-11,1.2314e-10,1.4787e-11
1791,0.36478,0.31726,-0,0.047517
1792,0.29688,0.10199,0.19488,-0
1793,0.17884,0.069759,0.10909,-0
1794,0.16567,0.14802,0.017641,-0
1795,0.28404,0.15108,-0,0.13296
1796,0.13814,0.13812,-0,2.099e-05
1797,0.4961,0.17043,-0,0.32568
1798,0.35522,0.35514,4.4409e-16,7.9896e-05
1799,0.25458,0.21963,-0,0.034951
1800,0.25246,0.17791,-0,0.074547
1801,0.36041,0.35796,-0,0.0024488
1802,-0,2.5496e-11,1.2314e-10,1.4787e-11
1803,-0,2.5496e-11,1.2314e-10,1.4787e-11
1804,1.9129,1.9129,5.4622e-06,4.0632e-05
1805,0.50244,0.37617,-0,0.12627
1806,-0,2.5496e-11,1.2314e-10,1.4787e-11
1807,0.30995,0.25954,-0,0.050411
1808,0.044405,0.044347,-0,5.8699e-05
1809,-0,2.5496e-11,1.2314e-10,1.4787e-11
1810,0.34657,0.34657,6.9622e-07,-0
1811,0.28797,0.28773,0.0002407,3.9968e-15
1812,0.27031,0.13513,0.13518,3.3307e-16
1813,NaN,NaN,NaN,NaN
1814,0.20708,0.20676,0.0003171,-0
1815,0.3662,0.36577,0.00043782,-0
1816,-0,2.5496e-11,1.2314e-10,1.4787e-11
1817,0.2576,0.032457,-0,0.22515
1818,0.36041,0.15633,-0,0.20408
1819,NaN,NaN,NaN,NaN
1820,NaN,NaN,NaN,NaN
1821,NaN,NaN,NaN,NaN
1822,NaN,NaN,NaN,NaN
1823,NaN,NaN,NaN,NaN
1824,NaN,NaN,NaN,NaN
1825,NaN,NaN,NaN,NaN
1826,NaN,NaN,NaN,NaN
1827,NaN,NaN,NaN,NaN
1828,1.9085,1.0569,0.036434,0.81521
1829,NaN,NaN,NaN,NaN
1830,NaN,NaN,NaN,NaN
1831,NaN,NaN,NaN,NaN
1832,NaN,NaN,NaN,NaN
1833,NaN,NaN,NaN,NaN
1834,0.3639,1.0835e-07,-0,0.3639
1835,NaN,NaN,NaN,NaN
1836,NaN,NaN,NaN,NaN
1837,0.30964,0.18757,0.12207,-0
1838,0.32597,0.17376,-0,0.15222
1839,-0,4.334e-11,1.4396e-10,2.5351e-11
1840,NaN,NaN,NaN,NaN
1841,-0,4.334e-11,1.4396e-10,2.5351e-11
1842,-0,4.334e-11,1.4396e-10,2.5351e-11
1843,0.27799,0.27798,1.3078e-13,3.9073e-06
1844,-0,2.5496e-11,1.2314e-10,1.4787e-11
1845,0.30995,0.30987,-0,7.9532e-05
1846,0.656,0.63362,2.9327e-08,0.02238
1847,0.36683,0.36681,2.2792e-05,-0
1848,0.35767,0.29201,0.065652,-0
1849,0.38494,0.38314,0.0018046,-0
1850,0.3829,0.37591,-0,0.0069845
1851,1.1813,0.66996,9.0014e-08,0.51129
1852,0.19266,0.15044,-0,0.04222
1853,0.55518,0.11027,-0,0.4449
1854,NaN,NaN,NaN,NaN
1855,0.21576,0.21576,1.0381e-06,-0
1856,0.30764,0.29467,-0,0.01297
1857,0.042519,0.042501,-0,1.8545e-05
1858,0.35426,0.27288,1.1324e-14,0.081375
1859,0.54503,0.39832,-0,0.14671
1860,0.55793,0.29209,-0,0.26584
1861,0.30096,0.25483,-0,0.046128
1862,0.14335,0.11356,-0,0.02979
1863,0.36729,0.090329,-0,0.27696
1864,0.36348,0.0011254,-0,0.36236
1865,0.29863,0.14931,-0,0.14931
1866,0.28404,0.26986,-0,0.014172
1867,0.31978,0.20069,-0,0.11909
1868,0.26865,0.26741,6.6613e-16,0.0012465
1869,-0,4.334e-11,1.4396e-10,2.5351e-11
1870,-0,2.5496e-11,1.2314e-10,1.4787e-11
1871,-0,4.334e-11,1.4396e-10,2.5351e-11
1872,0.34657,0.23873,-0,0.10785
1873,0.6065,0.60619,0.00031557,-0
1874,0.21178,0.14463,0.067157,-0
1875,0.30611,0.30459,0.0015115,-0
1876,0.70345,0.26139,0.44206,-0
1877,0.36739,0.081587,0.2858,-0
1878,0.83991,0.8399,8.9193e-06,-0
1879,0.36167,0.088179,-0,0.27349
1880,-0,4.334e-11,1.4396e-10,2.5351e-11
1881,0.40164,0.16426,-0,0.23738
1882,0.36205,0.0026036,-0,0.35944
1883,0.28457,0.0080881,-0,0.27648
1884,0.26225,0.086727,-0,0.17552
1885,0.16666,0.12094,-0,0.045722
1886,0.8202,0.57635,-0,0.24385
1887,1.9451,1.9451,-0,1.4886e-05
1888,0.15497,0.1534,-0,0.001571
1889,0.21965,0.20707,-0,0.012586
1890,0.36436,0.29731,-0,0.067055
1891,0.48703,0.23695,0.25009,-0
1892,-0,-3.8259e-08,2.5172e-08,1.4852e-08
1893,0.18054,0.18047,6.3158e-05,3.9191e-14
1894,0.34949,0.16955,0.17993,-0
1895,1.49,1.3541,0.13587,6.3105e-06
1896,NaN,NaN,NaN,NaN
1897,0.85421,0.71399,0.14022,-0
1898,0.040786,0.040766,-0,1.981e-05
1899,0.99879,0.6396,-0,0.35919
1900,-0,-7.4579e-10,8.3492e-10,4.8311e-10
1901,-0,-3.8259e-08,2.5172e-08,1.4852e-08
1902,0.36772,0.012087,0.35563,-0
1903,0.2576,0.081488,0.17611,-0
1904,0.16871,0.075504,-0,0.093203
1905,-0,2.5496e-11,1.2314e-10,1.4787e-11
1906,-0,2.5496e-11,1.2314e-10,1.4787e-11
1907,-0,2.5496e-11,1.2314e-10,1.4787e-11
1908,-0,2.5496e-11,1.2314e-10,1.4787e-11
1909,-0,-3.8259e-08,2.5172e-08,1.4852e-08
1910,0.31978,0.26712,0.052664,-0
1911,0.07976,0.079748,1.2711e-05,-0
1912,0.47649,0.45973,0.016762,-0
1913,0.20859,0.20858,1.5448e-05,-0
1914,-0,2.5496e-11,1.2314e-10,1.4787e-11
1915,1.123,0.48624,0.29211,0.34461
1916,0.090552,0.089553,6.295e-14,0.00099902
1917,0.36781,0.36781,-0,4.5554e-07
1918,0.36652,0.36142,-0,0.0051003
1919,0.33333,0.33317,-0,0.00015524
1920,0.076711,0.076653,5.7802e-05,-0
1921,0.3321,0.032674,0.29942,-0
1922,0.6065,0.60624,0.00026152,-0
1923,0.32189,9.388e-05,1.1102e-16,0.32179
1924,0.55868,0.55867,-0,5.4063e-06
1925,0.43194,0.31281,-0,0.11914
1926,0.48979,0.11438,-0,0.37541
1927,0.2316,0.2316,2.1802e-07,-0
1928,0.31441,0.29344,0.020977,-0
1929,-0,-3.8259e-08,2.5172e-08,1.4852e-08
1930,0.36041,0.36041,6.6427e-07,-0
1931,0.3662,0.3662,1.6924e-06,-0
1932,-0,4.334e-11,1.4396e-10,2.5351e-11
1933,0.33424,0.011376,-0,0.32286
1934,0.36313,0.10102,-0,0.2621
1935,-0,2.5496e-11,1.2314e-10,1.4787e-11
1936,0.32364,0.1456,0.17804,-0
1937,0.22745,0.20277,0.024677,-0
1938,-0,-3.8259e-08,2.5172e-08,1.4852e-08
1939,-0,-7.4579e-10,8.3492e-10,4.8311e-10
1940,0.16871,0.023878,0.14483,-0
1941,-0,2.5496e-11,1.2314e-10,1.4787e-11
1942,0.14472,0.098813,5.2736e-14,0.045903
1943,-0,4.334e-11,1.4396e-10,2.5351e-11
1944,0.34657,1.4339e-05,-0,0.34656
1945,NaN,NaN,NaN,NaN
1946,0.32364,0.046413,0.27723,-0
1947,-0,-7.4579e-10,8.3492e-10,4.8311e-10
1948,0.47254,0.30354,0.169,7.9936e-15
1949,0.34657,0.34657,7.089e-07,-0
1950,-0,-7.4579e-10,8.3492e-10,4.8311e-10
1951,0.073886,0.073885,1.4348e-07,-0
1952,0.36772,0.28484,0.082885,-0
1953,0.1047,0.091632,0.013064,-0
1954,0.35878,0.35874,-0,4.4524e-05
1955,0.30995,0.30386,3.3307e-16,0.0060927
1956,-0,2.5496e-11,1.2314e-10,1.4787e-11
1957,0.226,0.22571,-0,0.00029123
1958,0.25993,0.25993,-0,1.0933e-06
1959,-0,2.5496e-11,1.2314e-10,1.4787e-11
1960,0.53766,0.25195,-0,0.28571
1961,0.36232,0.36225,-0,6.5669e-05
1962,0.34998,0.00040174,-0,0.34958
1963,-0,4.334e-11,1.4396e-10,2.5351e-11
1964,-0,2.5496e-11,1.2314e-10,1.4787e-11
1965,0.36266,0.065392,-0,0.29727
1966,-0,4.334e-11,1.4396e-10,2.5351e-11
1967,0.36513,0.30093,-0,0.064198
1968,0.28763,0.13324,-0,0.15439
1969,0.31387,0.13793,-0,0.17594
1970,0.36785,0.27853,-0,0.089327
1971,0.32881,0.14198,-0,0.18683
1972,0.36652,0.0018316,-0,0.36468
1973,0.20816,0.10124,-0,0.10692
1974,0.59971,0.23228,-0,0.36742
1975,0.28075,0.0076851,6.4393e-15,0.27306
1976,0.084941,0.082278,-0,0.0026628
1977,0.53896,0.10822,6.5503e-15,0.43074
1978,-0,2.5496e-11,1.2314e-10,1.4787e-11
1979,-0,4.334e-11,1.4396e-10,2.5351e-11
1980,-0,4.334e-11,1.4396e-10,2.5351e-11
1981,0.35328,0.3525,0.00078158,-0
1982,1.2468,1.2217,0.025066,2.3614e-05
1983,0.51982,0.22903,0.29079,-0
1984,0.23357,0.23332,0.00024392,5.8842e-15
1985,0.35757,0.24549,-0,0.11208
1986,2.2291,1.4449,0.29255,0.4916
1987,-0,-7.4579e-10,8.3492e-10,4.8311e-10
1988,0.34657,0.013124,-0,0.33345
1989,-0,4.334e-11,1.4396e-10,2.5351e-11
1990,0.3662,0.3662,8.1833e-06,-0
1991,-0,-7.4579e-10,8.3492e-10,4.8311e-10
1992,0.1973,0.19706,0.00024039,-0
1993,-0,-7.4579e-10,8.3492e-10,4.8311e-10
1994,0.23698,0.23675,0.00023278,4.996e-15
1995,-0,-7.4579e-10,8.3492e-10,4.8311e-10
1996,-0,4.334e-11,1.4396e-10,2.5351e-11
1997,0.21576,0.054575,-0,0.16119
1998,0.32364,0.27726,-0,0.046385
1999,0.36652,0.33576,0.030757,-0
2000,-0,-7.4579e-10,8.3492e-10,4.8311e-10
2001,0.14498,0.14496,1.289e-05,2.1427e-14
2002,-0,-7.4579e-10,8.3492e-10,4.8311e-10
2003,0.34657,0.33979,0.0067802,-0
2004,-0,2.5496e-11,1.2314e-10,1.4787e-11
2005,0.20182,0.19355,-0,0.0082672
2006,0.32189,0.0017065,-0,0.32018
2007,-0,4.334e-11,1.4396e-10,2.5351e-11
2008,0.82043,0.62275,0.19768,-0
2009,-0,2.5496e-11,1.2314e-10,1.4787e-11
2010,0.34657,0.1302,-0,0.21637
2011,-0,4.334e-11,1.4396e-10,2.5351e-11
2012,-0,4.334e-11,1.4396e-10,2.5351e-11
2013,0.62838,0.47224,-0,0.15615
2014,-0,4.334e-11,1.4396e-10,2.5351e-11
2015,0.11044,0.11018,-0,0.00025856
2016,-0,4.334e-11,1.4396e-10,2.5351e-11
2017,-0,-7.4579e-10,8.3492e-10,4.8311e-10
2018,0.3301,0.32501,0.0050859,-0
2019,0.060505,0.060483,2.1873e-05,-0
2020,0.22745,0.085697,0.14175,-0
2021,0.33839,0.33693,-0,0.0014564
2022,0.36919,0.33844,-0,0.030756
2023,0.25458,0.17107,-0,0.083513
2024,0.43089,0.2796,-0,0.15129
2025,-0,4.334e-11,1.4396e-10,2.5351e-11
2026,0.49608,0.49608,-0,-0
2027,0.58311,0.31628,0.26684,-0
2028,0.45602,0.45601,-0,6.7582e-06
2029,0.36765,0.13107,0.23657,4.8295e-14
2030,0.72167,0.72167,6.4524e-09,5.2619e-08
2031,0.36041,0.048765,-0,0.31165
2032,0.93062,0.6721,0.25852,4.4531e-06
2033,0.5676,0.2002,-0,0.3674
2034,0.3065,0.087531,0.21896,-0
2035,-0,-7.4579e-10,8.3492e-10,4.8311e-10
2036,0.62456,0.62456,2.2204e-16,2.2204e-16
2037,0.51027,0.18701,0.32326,-0
2038,0.69541,0.69541,-0,-0
2039,0.6367,0.6367,-0,-0
2040,0.59958,0.59958,1.4027e-07,-0
2041,0.68011,0.68011,-0,-0
2042,0.25018,0.2435,0.0066779,-0
2043,0.53038,0.43813,0.092246,-0
2044,-0,-7.4579e-10,8.3492e-10,4.8311e-10
2045,0.36266,0.36263,3.5644e-05,-0
2046,-0,-3.8259e-08,2.5172e-08,1.4852e-08
2047,0.32364,0.0042054,-0,0.31944
2048,0.21576,0.21576,-0,4.6028e-06
2049,0.070426,0.067035,-0,0.0033914
2050,-0,4.334e-11,1.4396e-10,2.5351e-11
2051,0.18948,0.18948,-0,4.3037e-06
2052,0.2316,0.17662,-0,0.054986
2053,-0,-7.4579e-10,8.3492e-10,4.8311e-10
2054,-0,-7.4579e-10,8.3492e-10,4.8311e-10
2055,-0,-7.4579e-10,8.3492e-10,4.8311e-10
2056,0.29863,0.29863,5.9699e-07,-0
2057,-0,-7.4579e-10,8.3492e-10,4.8311e-10
2058,0.20182,0.20149,-0,0.00032759
2059,-0,4.334e-11,1.4396e-10,2.5351e-11
2060,0.28797,0.0014187,3.3307e-16,0.28655
2061,0.35247,0.00052267,-0,0.35195
2062,-0,-3.8259e-08,2.5172e-08,1.4852e-08
2063,-0,-3.8259e-08,2.5172e-08,1.4852e-08
2064,0.053983,0.053982,1.0229e-06,-0
2065,-0,-7.4579e-10,8.3492e-10,4.8311e-10
2066,-0,-3.8259e-08,2.5172e-08,1.4852e-08
2067,-0,-7.4579e-10,8.3492e-10,4.8311e-10
2068,0.24414,0.24294,0.001196,4.4409e-16
2069,0.31642,0.25007,-0,0.066346
2070,0.32248,0.13342,-0,0.18906
2071,0.36348,0.36348,9.0571e-07,-0
2072,0.36565,0.3656,5.2216e-05,-0
2073,0.60455,0.60455,1.7008e-07,-0
2074,-0,-3.8259e-08,2.5172e-08,1.4852e-08
2075,0.22502,0.025149,0.19987,-0
2076,NaN,NaN,NaN,NaN
2077,0.11044,0.095942,0.014496,-0
2078,-0,2.5496e-11,1.2314e-10,1.4787e-11
2079,-0,2.5496e-11,1.2314e-10,1.4787e-11
2080,0.27031,0.16384,0.10647,-0
2081,0.028159,0.028159,6.0202e-07,-0
2082,-0,-3.8259e-08,2.5172e-08,1.4852e-08
2083,0.36565,0.33842,-0,0.027235
2084,-0,4.334e-11,1.4396e-10,2.5351e-11
2085,0.36536,0.3651,-0,0.00026476
2086,0.3367,0.32535,-0,0.011353
2087,0.042519,0.042518,-0,6.8706e-07
2088,-0,4.334e-11,1.4396e-10,2.5351e-11
2089,0.55549,0.48203,-0,0.073463
2090,0.61895,0.30691,-0,0.31204
2091,0.29128,0.23746,-0,0.053818
2092,-0,4.334e-11,1.4396e-10,2.5351e-11
2093,0.031732,0.031716,-0,1.5674e-05
2094,0.13213,0.083485,-0,0.048644
2095,-0,4.334e-11,1.4396e-10,2.5351e-11
2096,-0,4.334e-11,1.4396e-10,2.5351e-11
2097,0.32891,0.046367,-0,0.28255
2098,0.27799,0.27429,0.0036962,-0
2099,0.32189,0.32189,8.8965e-07,-0
2100,0.70014,0.70014,6.3579e-08,-0
2101,0.83735,0.83735,-0,-0
2102,0.80616,0.80616,-0,-0
2103,0.83936,0.83936,-0,-0
2104,0.56932,0.56932,1.6167e-06,-0
2105,0.53515,0.53513,1.906e-05,-0
2106,-0,-7.4579e-10,8.3492e-10,4.8311e-10
2107,0.27799,0.27773,0.00025368,-0
2108,0.34657,0.34657,1.0155e-06,-0
2109,0.3662,0.34745,0.018756,-0
2110,0.36167,0.20441,0.15726,-0
2111,-0,-7.4579e-10,8.3492e-10,4.8311e-10
2112,0.35686,0.19669,0.16016,-0
2113,-0,-7.4579e-10,8.3492e-10,4.8311e-10
2114,0.34657,0.1733,0.17327,-0
2115,-0,-7.4579e-10,8.3492e-10,4.8311e-10
2116,0.35793,0.35767,0.00026127,-0
2117,0.36313,0.35302,0.010107,5.3291e-15
2118,0.57185,0.57185,7.5523e-07,-0
2119,-0,4.334e-11,1.4396e-10,2.5351e-11
2120,-0,4.334e-11,1.4396e-10,2.5351e-11
2121,0.17851,0.14133,-0,0.037184
2122,0.2717,0.020542,-0,0.25115
2123,0.38053,0.35155,-0,0.028981
2124,0.086646,0.086565,-0,8.0968e-05
2125,0.34657,0.15642,0.19016,-0
2126,0.17851,0.032899,0.14562,-0
2127,0.042519,0.042515,4.5113e-06,-0
2128,0.36119,0.36106,0.00013341,-0
2129,0.2717,0.063837,-0,0.20786
2130,-0,4.334e-11,1.4396e-10,2.5351e-11
2131,0.16419,0.090455,3.3307e-16,0.07373
2132,0.12876,0.12874,-0,1.9724e-05
2133,-0,2.5496e-11,1.2314e-10,1.4787e-11
2134,-0,-3.8259e-08,2.5172e-08,1.4852e-08
2135,0.3301,0.32582,0.0042762,-0
2136,0.24034,0.032046,0.20829,1.5543e-15
2137,0.36478,0.2849,0.079875,-0
2138,0.27031,0.2703,1.2728e-05,-0
2139,0.31387,0.31351,0.00036003,5.6621e-15
2140,0.35732,0.24973,0.10759,-0
2141,0.53374,0.50986,0.023873,-0
2142,-0,2.5496e-11,1.2314e-10,1.4787e-11
2143,-0,-3.8259e-08,2.5172e-08,1.4852e-08
2144,0.25177,0.25159,0.00018299,2.82e-14
2145,0.29688,0.05077,0.24611,-0
2146,0.086646,0.0603,0.026345,-0
2147,NaN,NaN,NaN,NaN
2148,-0,4.334e-11,1.4396e-10,2.5351e-11
2149,-0,2.5496e-11,1.2314e-10,1.4787e-11
2150,-0,4.334e-11,1.4396e-10,2.5351e-11
2151,0.36536,0.11261,1.1102e-16,0.25275
2152,0.33507,0.072071,3.9968e-15,0.263
2153,-0,4.334e-11,1.4396e-10,2.5351e-11
2154,0.58782,0.22852,0.35931,-0
2155,-0,4.334e-11,1.4396e-10,2.5351e-11
2156,-0,-7.4579e-10,8.3492e-10,4.8311e-10
2157,-0,2.5496e-11,1.2314e-10,1.4787e-11
2158,0.3662,0.062056,-0,0.30415
2159,0.2717,0.27169,-0,3.6403e-06
2160,0.3065,0.1771,-0,0.12939
2161,0.16419,0.16418,-0,7.907e-07
2162,0.36785,0.35731,-0,0.010543
2163,-0,2.5496e-11,1.2314e-10,1.4787e-11
2164,0.29877,0.15732,-0,0.14145
2165,-0,2.5496e-11,1.2314e-10,1.4787e-11
2166,0.23026,0.23024,-0,1.9521e-05
2167,0.3301,0.0027754,-0,0.32732
2168,0.22745,0.18747,-0,0.039972
2169,-0,4.334e-11,1.4396e-10,2.5351e-11
2170,0.25458,0.19886,0.055723,-0
2171,-0,4.334e-11,1.4396e-10,2.5351e-11
2172,0.14498,0.14355,0.0014264,1.6542e-13
2173,0.39418,0.32096,-0,0.07321
2174,-0,2.5496e-11,1.2314e-10,1.4787e-11
2175,0.073886,0.073885,6.6486e-07,-0
2176,0.27799,0.040172,-0,0.23782
2177,0.33333,0.11867,-0,0.21466
2178,1.2161,0.85376,0.36236,-0
2179,-0,-7.4579e-10,8.3492e-10,4.8311e-10
2180,-0,-7.4579e-10,8.3492e-10,4.8311e-10
2181,0.55584,0.26058,0.29526,-0
2182,NaN,NaN,NaN,NaN
2183,-0,-7.4579e-10,8.3492e-10,4.8311e-10
2184,0.31043,0.20442,0.10601,-0
2185,0.63719,0.32973,-0,0.30747
2186,0.20957,0.06957,2.4425e-15,0.14
2187,0.43141,0.35544,-0,0.075963
2188,0.81227,0.73365,-0,0.078618
2189,-0,-7.4579e-10,8.3492e-10,4.8311e-10
2190,0.36677,0.001256,-0,0.36551
2191,0.35793,0.35793,-0,3.7523e-06
2192,0.35839,0.0089441,5.6621e-15,0.34945
2193,-0,4.334e-11,1.4396e-10,2.5351e-11
2194,0.13213,0.13208,-0,4.993e-05
2195,0.32655,0.13871,-0,0.18783
2196,0.3662,5.1378e-05,-0,0.36615
2197,0.34657,0.34651,6.4672e-05,6.3283e-15
2198,0.33782,0.22519,0.11263,-0
2199,0.23503,0.23502,3.0508e-06,-0
2200,0.099518,0.099503,1.4745e-05,2.2204e-16
2201,0.28457,0.28045,0.0041198,-0
2202,-0,-7.4579e-10,8.3492e-10,4.8311e-10
2203,0.42046,0.222,0.19846,-0
2204,0.24967,0.070172,0.1795,-0
2205,-0,-7.4579e-10,8.3492e-10,4.8311e-10
2206,0.36041,0.36041,7.1967e-11,7.1911e-11
2207,0.051222,0.051204,1.8053e-05,-0
2208,-0,4.334e-11,1.4396e-10,2.5351e-11
2209,-0,4.334e-11,1.4396e-10,2.5351e-11
2210,0.93491,0.76555,0.16935,-0
2211,0.33782,0.18857,0.14924,1.3822e-13
2212,0.16058,0.16057,2.7265e-06,-0
2213,0.057058,0.056963,-0,9.542e-05
2214,0.36781,0.12299,-0,0.24482
2215,0.29375,0.26904,0.024715,-0
2216,0.2316,0.10637,0.12523,7.3275e-15
2217,0.23026,0.22912,0.0011423,3.2419e-14
2218,0.2316,0.17658,0.055018,-0
2219,-0,-3.8259e-08,2.5172e-08,1.4852e-08
2220,0.27031,0.13517,0.13514,-0
2221,0.32189,0.028431,-0,0.29346
2222,-0,2.5496e-11,1.2314e-10,1.4787e-11
2223,-0,4.334e-11,1.4396e-10,2.5351e-11
2224,-0,-3.8259e-08,2.5172e-08,1.4852e-08
2225,0.27031,0.20376,0.066547,-0
2226,0.28797,0.28763,0.00033588,-0
2227,-0,-7.4579e-10,8.3492e-10,4.8311e-10
2228,-0,-7.4579e-10,8.3492e-10,4.8311e-10
2229,0.15989,0.13213,3.1086e-15,0.027767
2230,0.20708,0.20649,-0,0.00058146
2231,-0,4.334e-11,1.4396e-10,2.5351e-11
2232,-0,4.334e-11,1.4396e-10,2.5351e-11
2233,0.039189,0.039185,4.3939e-06,-0
2234,-0,-7.4579e-10,8.3492e-10,4.8311e-10
2235,-0,-7.4579e-10,8.3492e-10,4.8311e-10
2236,-0,-7.4579e-10,8.3492e-10,4.8311e-10
2237,0.36119,0.36116,3.0328e-05,-0
2238,-0,-3.8259e-08,2.5172e-08,1.4852e-08
2239,-0,-7.4579e-10,8.3492e-10,4.8311e-10
2240,-0,-7.4579e-10,8.3492e-10,4.8311e-10
2241,-0,-7.4579e-10,8.3492e-10,4.8311e-10
2242,-0,4.334e-11,1.4396e-10,2.5351e-11
2243,0.3675,0.35732,0.010184,-0
2244,0.31978,0.31978,-0,2.8369e-07
2245,0.19547,0.19547,-0,1.258e-06
2246,0.21576,0.21576,-0,5.6789e-06
2247,-0,4.334e-11,1.4396e-10,2.5351e-11
2248,0.44717,0.10568,-0,0.34149
2249,0.60572,0.43502,-0,0.17071
2250,0.45191,0.45191,-0,8.2576e-07
2251,-0,-3.8259e-08,2.5172e-08,1.4852e-08
2252,-0,-3.8259e-08,2.5172e-08,1.4852e-08
2253,0.19547,0.13851,0.056954,-0
2254,0.34657,0.19592,0.15065,3.3931e-11
2255,-0,-3.8259e-08,2.5172e-08,1.4852e-08
2256,0.36652,0.3665,1.4998e-05,-0
2257,-0,-3.8259e-08,2.5172e-08,1.4852e-08
2258,0.19547,0.19547,1.0735e-07,-0
2259,0.21576,0.21576,1.0864e-06,-0
2260,0.13941,0.13395,0.005459,-0
2261,-0,-3.8259e-08,2.5172e-08,1.4852e-08
2262,0.093937,2.8901e-06,0.093935,-0
2263,-0,-3.8259e-08,2.5172e-08,1.4852e-08
2264,0.27031,0.20552,0.064788,-0
2265,NaN,NaN,NaN,NaN
2266,-0,2.5496e-11,1.2314e-10,1.4787e-11
2267,0.28797,0.070382,-0,0.21759
2268,0.32189,0.32182,-0,7.2493e-05
2269,-0,-3.8259e-08,2.5172e-08,1.4852e-08
2270,0.36781,0.36781,2.0235e-07,-0
2271,-0,-3.8259e-08,2.5172e-08,1.4852e-08
2272,0.33424,0.33424,-0,-0
2273,-0,5.3837e-10,2.0444e-10,9.8785e-10
2274,0.3662,0.36619,1.5587e-05,-0
2275,0.21576,0.21576,8.1046e-15,8.1046e-15
2276,0.52257,0.52257,-0,5.3287e-06
2277,0.24034,0.24031,1.7764e-15,2.0193e-05
2278,0.22745,0.10788,0.11957,1.1657e-14
2279,0.3662,0.3662,3.9692e-06,-0
2280,0.36652,0.20605,0.16046,-0
2281,-0,-7.4579e-10,8.3492e-10,4.8311e-10
2282,0.34657,0.3465,7.5146e-05,-0
2283,0.07976,0.079759,9.9695e-07,-0
2284,0.3675,0.36218,0.0053201,9.992e-16
2285,0.94841,0.9484,-0,5.268e-06
2286,0.42399,0.07983,-0,0.34416
2287,0.441,0.037905,0.40309,-0
2288,-0,-3.8259e-08,2.5172e-08,1.4852e-08
2289,0.13659,0.054171,0.082417,1.3323e-15
2290,0.30421,0.30419,1.8499e-05,-0
2291,0.36785,0.36785,7.9379e-07,-0
2292,-0,-3.8259e-08,2.5172e-08,1.4852e-08
2293,-0,-3.8259e-08,2.5172e-08,1.4852e-08
2294,0.43089,0.12315,-0,0.30774
2295,0.36757,0.19804,-0,0.16953
2296,-0,-7.4579e-10,8.3492e-10,4.8311e-10
2297,0.32539,0.32277,0.002619,1.3323e-15
2298,0.32655,0.054233,0.27232,-0
2299,0.19547,0.1954,7.0972e-05,2.1583e-13
2300,0.27031,0.062001,0.20831,-0
2301,0.070008,0.070005,2.6085e-06,-0
2302,0.51832,0.51832,-0,-0
2303,0.21576,0.21576,-0,5.6789e-06
2304,0.34657,0.33393,-0,0.012643
2305,0.35757,0.35757,6.8864e-06,-0
2306,-0,-7.4579e-10,8.3492e-10,4.8311e-10
2307,0.29505,0.29452,0.00053506,-0
2308,-0,-7.4579e-10,8.3492e-10,4.8311e-10
2309,-0,4.334e-11,1.4396e-10,2.5351e-11
2310,0.49838,0.49829,-0,8.8303e-05
2311,0.1885,0.18809,1.9262e-13,0.00041272
2312,0.18662,0.18637,-0,0.00024827
2313,-0,4.334e-11,1.4396e-10,2.5351e-11
2314,-0,-7.4579e-10,8.3492e-10,4.8311e-10
2315,0.33839,0.338,0.00038529,-0
2316,0.34657,0.34221,0.0043662,-0
2317,-0,-7.4579e-10,8.3492e-10,4.8311e-10
2318,0.35993,0.35972,0.00021045,8.8818e-16
2319,0.3662,0.36616,4.7545e-05,-0
2320,-0,-7.4579e-10,8.3492e-10,4.8311e-10
2321,0.35435,0.35435,4.8322e-06,-0
2322,-0,-7.4579e-10,8.3492e-10,4.8311e-10
2323,-0,-3.8259e-08,2.5172e-08,1.4852e-08
2324,-0,-7.4579e-10,8.3492e-10,4.8311e-10
2325,-0,-7.4579e-10,8.3492e-10,4.8311e-10
2326,-0,-3.8259e-08,2.5172e-08,1.4852e-08
2327,0.11044,0.11042,2.1008e-05,8.8818e-16
2328,-0,-7.4579e-10,8.3492e-10,4.8311e-10
2329,0.34657,0.26874,-0,0.077838
2330,-0,4.334e-11,1.4396e-10,2.5351e-11
2331,-0,4.334e-11,1.4396e-10,2.5351e-11
2332,-0,6.8848e-11,3.8006e-11,4.2551e-11
2333,NaN,NaN,NaN,NaN
2334,-0,4.334e-11,1.4396e-10,2.5351e-11
2335,0.21576,0.21576,-0,5.6789e-06
2336,-0,2.5496e-11,1.2314e-10,1.4787e-11
2337,-0,4.334e-11,1.4396e-10,2.5351e-11
2338,-0,4.334e-11,1.4396e-10,2.5351e-11
2339,-0,4.334e-11,1.4396e-10,2.5351e-11
2340,0.21576,0.21576,-0,4.6028e-06
2341,-0,-7.4579e-10,8.3492e-10,4.8311e-10
2342,0.090552,0.056867,0.033684,-0
2343,0.15989,0.15989,9.9751e-07,-0
2344,0.35993,0.3599,3.1561e-05,-0
2345,0.3065,0.1118,0.19469,-0
2346,-0,2.5496e-11,1.2314e-10,1.4787e-11
2347,-0,-3.8259e-08,2.5172e-08,1.4852e-08
2348,0.36393,0.048926,-0,0.31501
2349,-0,4.334e-11,1.4396e-10,2.5351e-11
2350,0.55365,0.55365,3.4311e-06,-0
2351,-0,-7.4579e-10,8.3492e-10,4.8311e-10
2352,0.35839,0.11718,0.24121,-0
2353,-0,-7.4579e-10,8.3492e-10,4.8311e-10
2354,0.34657,0.1255,0.22107,-0
2355,0.27614,0.00094868,-0,0.27519
2356,0.24967,0.20866,-0,0.041017
2357,0.24414,0.24413,-0,4.4074e-06
2358,0.32655,0.32646,-0,8.64e-05
2359,0.32364,0.018535,0.30511,-0
2360,0.34657,0.34655,2.1298e-05,-0
2361,-0,-7.4579e-10,8.3492e-10,4.8311e-10
2362,0.29877,0.25004,0.048737,-0
2363,-0,4.334e-11,1.4396e-10,2.5351e-11
2364,-0,4.334e-11,1.4396e-10,2.5351e-11
2365,-0,4.334e-11,1.4396e-10,2.5351e-11
2366,0.18948,0.18844,9.3259e-14,0.0010403
2367,-0,4.334e-11,1.4396e-10,2.5351e-11
2368,1.4079,1.0252,-0,0.38274
2369,1.1316,1.111,0.020593,1.1512e-06
2370,NaN,NaN,NaN,NaN
2371,0.41295,0.39138,-0,0.021572
2372,0.44265,0.39834,-0,0.044309
2373,0.97115,0.70425,0.16694,0.099958
2374,0.15196,0.15191,5.1969e-05,-0
2375,1.2747,0.99099,0.28374,-0
2376,0.35793,0.040732,-0,0.3172
2377,0.073886,0.073885,2.1019e-07,-0
2378,0.13213,0.13213,1.0029e-06,-0
2379,-0,-3.8259e-08,2.5172e-08,1.4852e-08
2380,-0,-3.8259e-08,2.5172e-08,1.4852e-08
2381,-0,2.5496e-11,1.2314e-10,1.4787e-11
2382,-0,4.334e-11,1.4396e-10,2.5351e-11
2383,0.52971,0.047708,-0,0.482
2384,-0,2.5496e-11,1.2314e-10,1.4787e-11
2385,0.064393,0.064319,-0,7.3988e-05
2386,-0,-3.8259e-08,2.5172e-08,1.4852e-08
2387,-0,-3.8259e-08,2.5172e-08,1.4852e-08
2388,0.34657,0.3458,0.00077454,-0
2389,0.29375,0.15652,0.13723,-0
2390,-0,-3.8259e-08,2.5172e-08,1.4852e-08
2391,1.5566,1.5566,1.555e-07,9.875e-07
2392,0.12661,0.0819,-0,0.044712
2393,0.25246,0.15955,-0,0.092901
2394,0.33782,0.20368,-0,0.13414
